ticker,name,price,marketcap,volume,volumeavg,priceopen,low,high,close,change,changepct,closeyest,date,high52,low52,beta,shares,pe,eps,sector,industry,description,exchange,ceo,country,ipodate,isetf,isfund,isactive,web_url,image,currency,employees,city,state,phone,address,dividend_yield,fetched_at,profile_fetched_at,asset_class,returnOnEquity,returnOnAssets,grossMargin,operatingMargin,profitMargin,revenueGrowth,earningsGrowth,revenue,ebitda,freeCashFlow,netIncome,stockBasedComp,priceToBook,evToEbitda,evToRevenue,totalDebt,totalEquity,totalAssets,cash,expenseRatio,currentRatio,quickRatio,debtToEquity,payoutRatio,pegRatio,heldPctInsiders,heldPctInstitutions,shortPctFloat
AAP,"Advance Auto Parts, Inc.",43.380001,2617081088,1865400,1925290,42.169998,41.689999,43.93,43.380001,0.82,1.926691,42.560001,2026-09-10,,,1.033,60329208,24.234638,1.79,Consumer Cyclical,Auto Parts,"Advance Auto Parts, Inc. provides automotive aftermarket parts. The company offers batteries and battery accessories; belts and hoses; brakes and brake pads; chassis parts; climate control parts; clutches and drive shafts; engines and engine parts; exhaust systems and parts; hub assemblies; ignition components and wires; radiators and cooling parts; starters and alternators; and steering and alignment parts. It also provides air conditioning chemicals and accessories; air fresheners; antifreeze and washer fluid; electrical wire and fuses; electronics; floor mats, seat covers, and interior accessories; hand and specialty tools; lighting products; performance parts; sealants, adhesives, and compounds; tire repair accessories; vent shades, mirrors, and exterior accessories; washes, waxes, and cleaning supplies; and wiper blades. In addition, the company offers air filters; fuel and oil additives; fuel filters; grease and lubricants; motor oil; oil filters; part cleaners and treatments; and transmission fluid. Further, it provides battery and wiper installation; engine light scanning; electrical system testing, including batteries, starters, and alternators; oil and battery recycling; and loaner tool program services. The company serves professional installers and do-it-yourself customers. It operates stores and independently owned branded stores in the United States, Canada, Puerto Rico, the U.S. Virgin Islands, Mexico, and various Caribbean islands primarily under the Advance Auto Parts and Carquest trade brands. The company also offers its products online. The company was founded in 1929 and is based in Raleigh, North Carolina.",NYQ,Mr. Shane M. O'Kelly,United States,,false,false,true,https://shop.advanceautoparts.com,,USD,28274,Raleigh,NC,540 362 4911,4200 Six Forks Road,2.35,2026-09-10T12:04:20+00:00,2026-09-10T05:03:48+00:00,Equity,0.04888,0.02067,0.4514,0.0555,0.00986,-0.005,2.6,8622000128,629000000,-54625000,109000000,36000000,1.153202,8.153,0.595,5628000256,2198000000,11826000000,3120000000,,1.748,0.821,249.358,0.5587,0.7958,0.00745,1.27254,0.2688
ABCB,Ameris Bancorp,84.050003,5637008384,342300,477235,84.279999,83.839996,85.029999,84.050003,-0.939995,-1.106006,84.989998,2026-09-10,,,0.92,67107239,15.189873,5.53,Financial Services,Banks - Regional,"Ameris Bancorp operates as the bank holding company for Ameris Bank that provides various banking services to retail and commercial customers. It operates through four segments: Banking Division, Retail Mortgage Division, Warehouse Lending Division, and Premium Finance Division. The company offers commercial and retail checking, interest-bearing savings, money market, individual retirement, and certificates of deposit accounts. It also provides commercial real estate, residential real estate mortgage, agricultural, and commercial and industrial loans; consumer loans, including home improvement and home equity loans, as well as loans secured by savings accounts and personal credit lines. In addition, the company originates, administers, and services commercial insurance premium loans; equipment finance loans; and small business administration loans. Further, it operates full-service domestic banking offices, and mortgage and loan production offices. Ameris Bancorp was founded in 1971 and is headquartered in Atlanta, Georgia.",NYQ,Mr. James B. Miller Jr.,United States,,false,false,true,https://www.amerisbank.com,,USD,2650,Atlanta,GA,404 639 6500,3490 Piedmont Road N.E.,0.94,2026-09-10T12:04:21+00:00,2026-09-09T16:44:48+00:00,Equity,0.09398,0.01364,0,0.50194,0.31804,0.036,-0.519,1183270016,,,376323008,12688000,1.373379,,4.961,1393277056,4076028000,27515879000,1207675008,,,,,0.1447,1.1,0.0543,1.01499,0.0557
ABR,"Arbor Realty Trust, Inc.",4.92,1018709504,4144400,3879556,5.04,4.91,5.11,4.92,-0.09,-1.79641,5.01,2026-09-10,,,1.12,186558043,55.833332,0.09,Real Estate,REIT - Mortgage,"Arbor Realty Trust, Inc. invests in a diversified portfolio of structured finance assets in the multifamily, single-family rental, and commercial real estate markets in the United States. It operates in two segments, Structured Business and Agency Business. The company invests in bridge and mezzanine loans, including junior participating interests in first mortgages, and preferred and direct equity, as well as real estate-related joint ventures, real estate-related notes, and various mortgage-related securities. It also offers bridge financing products to borrowers who seek short-term capital to be used in an acquisition of property; financing products to borrowers looking to develop, acquire or refinance conventional, workforce and affordable single-family rental (SFR) housing; multifamily investors short-term floating-rate financing for new and construction-ready multifamily projects; and mezzanine financing in the form of loans that are subordinate to a conventional first mortgage loan and senior to the borrower's equity in a transaction. In addition, the company provides financing by making preferred equity investments in entities that directly or indirectly own real property that are subordinate to a first mortgage loan; and invest in structured transactions, which are primarily comprised of joint ventures formed to acquire, develop and/or sell real estate-related assets. Further, it underwrites, originates, sells, and services financing loans underwritten using similar guidelines of existing agency loans sold to the government-sponsored enterprises; and long-term permanent fixed rate loans on SFR properties. The company qualifies as a real estate investment trust for federal income tax purposes. It generally would not be subject to federal corporate income taxes if it distributes at least 90% of its taxable income to its stockholders. Arbor Realty Trust, Inc. was incorporated in 2003 and is headquartered in Uniondale, New York.",NYQ,Mr. Ivan Paul Kaufman J.D.,United States,,false,false,true,https://arbor.com,,USD,653,Uniondale,NY,516 506 4200,333 Earle Ovington Boulevard,18.76,2026-09-10T12:04:22+00:00,2026-09-09T16:44:49+00:00,Equity,0.01975,0.00423,0.79161,-0.12729,0.11584,-0.248,,498068992,,,16325000,13789000,0.442887,,25.146,11142087680,2953353000,14494903000,289119008,,2.095,2.01,386.741,11.8889,1.65,0.02889,0.67935,0.0001
ACIC,American Coastal Insurance Corporation,9.29,438661088,198300,290009,9.28,9.15,9.39,9.29,-0.02,-0.214828,9.31,2026-09-10,,,-0.477,47269517,4.59406,2.02,Financial Services,Insurance - Property & Casualty,"American Coastal Insurance Corporation, through its subsidiaries, primarily engages in the commercial and personal property and casualty insurance business in the United States. The company provides structure, content, and liability coverage for standard single-family homeowners, renters, and condominium unit owners. It also offers commercial multi-peril property insurance for residential condominium associations and apartments, as well as coverage to policyholders for loss or damage to buildings, inventory, and equipment caused by fire, wind, hail, water, theft, and vandalism. In addition, the company provides equipment breakdown, identity theft, and flood policies. The company markets and distributes its products through a network of independent agencies. The company was formerly known as United Insurance Holdings Corp. and changed its name to American Coastal Insurance Corporation in July 2023. American Coastal Insurance Corporation was founded in 1999 and is based in Saint Petersburg, Florida.",NCM,Mr. Robert Daniel Peed,United States,,false,false,true,https://www.amcoastal.com,,USD,68,Saint Petersburg,FL,727 633 0851,570 Carillon Parkway,,2026-09-10T12:04:23+00:00,2026-09-09T16:44:50+00:00,Equity,0.31653,0.069,0.56622,0.37283,0.30308,-0.045,-0.166,330591008,147443008,-50285876,100197000,4299000,1.270885,2.383,1.063,152543008,317565000,1072732000,235624992,,1.083,0.482,44.762,0,3.0592,0.50685,0.35493,0.0504
ADDYY,adidas AG,85.150002,29834215424,57400,101300,85.589996,84.790001,85.970001,85.150002,-0.209999,-0.246016,85.360001,2026-09-10,,,1.192,350125758,18.810154,4.53,Consumer Cyclical,Footwear & Accessories,"adidas AG, together with its subsidiaries, designs, develops, produces, and markets a range of athletic and sports lifestyle products in Europe, Greater China, Japan, South Korea, Latin America, North America, and internationally. The company offers footwear and apparel, as well as accessories and gear, including bags, balls, sunglasses, and fitness equipment under the adidas brand; golf footwear and apparel under the adidas Golf brand; and outdoor footwear under the Five Ten brand. It sells its products through its own retail stores, mono-branded franchise stores, shop-in-shops, joint ventures with retail partners, and co-branded stores, as well as through its wholesale and e-commerce platforms. The company was formerly known as adidas-Salomon AG and changed its name to adidas AG in June 2006. adidas AG was founded in 1920 and is headquartered in Herzogenaurach, Germany.",OQX,Mr. Bjorn  Gulden,Germany,,false,false,true,https://www.adidas-group.com,,USD,64394,Herzogenaurach,,49 91 32 84 0,Adi-Dassler-Strasse 1,1.93,2026-09-10T12:04:24+00:00,2026-09-09T16:44:51+00:00,Equity,0.24324,0.06699,0.51576,0.08513,0.05295,0.133,-0.024,26040999936,2664000000,952300032,1380999936,,4.308135,13.025,1.332,5977999872,5776000000,20262000000,1562000000,,1.391,0.574,94.127,0.3617,0.5429,0,0.00045,
ADT,ADT Inc.,7.05,5208887296,6402100,7932629,7.22,7.04,7.25,7.05,-0.17,-2.354565,7.22,2026-09-10,,,1.035,675814723,9.902778,0.72,Industrials,Security & Protection Services,"ADT Inc. provides security, interactive, and smart home solutions in the United States. The company offers burglar and life safety alarms, smart security cameras, smart home automation systems, and video surveillance systems to detect intrusion; control access; sense movement, smoke, fire, carbon monoxide, leaks, temperature, and other environmental conditions and hazards; and address personal medical emergencies, such as injuries or unanticipated falls. It also provides routine maintenance and installation services for upgraded or additional equipment; and personal emergency response system products and services to sustain independent living, detect when a fall occurs, and provide protection while on the go with geolocation capability. In addition, the company offers ADT+ app, an interactive technology platform; Trusted Neighbor, which allows customers to grant access to their homes through homeowner-authorized credentials and the ADT+ app; automation and smart home solutions, which allow for the remote monitoring and managing of spaces through smartphone applications, customized web portals, and touchscreen panels; and professionally installed and DIY security and smart home solutions. Further, it operates monitoring centers that provide professional and outsourced monitoring services; and field and call centers. The company sells its products under the ADT, ADT Pulse, and ADT+ brands. It serves the residential and small business security and automation markets comprising owners and renters of single-family homes, apartments, and small businesses owners through customer referrals, door-to-door activities, lead generation partners, retail and e-commerce channels, network of field sales and service offices, third-party independent dealers, and authorized dealers. The company was formerly known as Prime Security Services Parent, Inc. and changed its name to ADT Inc. in September 2017. ADT Inc. was founded in 1874 and is headquartered in Boca Raton, Florida.",NYQ,Mr. James David DeVries,United States,,false,false,true,https://www.adt.com,,USD,12200,Boca Raton,FL,561 988 3600,1501 Yamato Road,3.05,2026-09-10T12:04:25+00:00,2026-09-09T16:44:52+00:00,Equity,0.17213,0.0518,0.80657,0.24072,0.11864,0.02,0.017,5164895232,2695538944,1197478400,614225984,54553000,1.50422,4.831,2.522,7784705024,3778610000,15818511000,36006000,,0.69,0.418,223.863,0.3056,,0.01872,1.10538,0.0613
ADV,Advantage Solutions Inc.,31.26,409827008,49200,132320,30.76,30.305,31.48,31.26,0.380001,1.230573,30.879999,2026-09-10,,,2.109,13295280,,-21.15,Communication Services,Advertising Agencies,"Advantage Solutions Inc. provides outsourced sales, marketing, merchandising, sampling, and retailer support services to consumer packaged goods manufacturers and retailers in North America, Asia Pacific, and Europe. It operates in three segments: Branded Services, Experiential Services, and Retailer Services. The Branded Services segment delivers sales, merchandising, and omni-commerce marketing support to branded consumer packaged goods manufacturers, including brokerage services, branded merchandising, and shopper-centric marketing programs across in-store and digital platforms. The Experiential Services segment provides in-store and digital sampling programs, demonstrations, and experiential events designed to drive trial, conversion, and sustained consumer engagement. The Retailer Services segment offers solutions supporting retailers in in-store merchandising execution, private brand strategy and development, retail media, and marketing initiatives, including reset services, category updates, space management, audits, retailer merchandising, advisory services, and agency services for print and digital circulars and targeted advertising. The company serves a diverse client base across grocery, mass, club, retail pharmacy, convenience, and other channels in retail locations. The company was formerly known as Karman Holding Corp. and changed its name to Advantage Solutions Inc. in March 2016. The company was founded in 1987 and is headquartered in Saint Louis, Missouri.",NMS,Mr. David A. Peacock,United States,,false,false,true,https://www.youradv.com,,USD,16000,Saint Louis,MO,314 655 9333,7676 Forsyth Boulevard,,2026-09-10T12:04:26+00:00,2026-09-09T16:44:53+00:00,Equity,-0.50802,0.0231,0.13454,0.00846,-0.07645,0.018,,3606193920,306928992,209713632,-275703008,25391000,0.983819,5.978,0.509,1541245952,553958000,2793415000,102306000,,1.794,1.593,383.567,0,,0.58615,0.34155,0.1139
AEM,Agnico Eagle Mines Limited,202.570007,103214882816,1348900,3089433,205.220001,201.740005,208.639999,202.570007,0.730011,0.361678,201.839996,2026-09-10,,,0.668,506364864,17.436699,11.69,Basic Materials,Gold,"Agnico Eagle Mines Limited, a gold mining company, engages in the exploration, development, and production of precious metals. It explores for gold, silver, copper, and zinc. The company's mines are located in Canada, Australia, Finland, and Mexico; and with exploration and development activities in Canada, Australia, Europe, Latin America, and the United States. Agnico Eagle Mines Limited was incorporated in 1953 and is headquartered in Toronto, Canada.",NYQ,"Mr. Ammar  Al-Joundi M.B.A., P.Eng.",Canada,,false,false,true,https://www.agnicoeagle.com,,USD,,Toronto,ON,416 947 1212,145 King Street East,0.89,2026-09-10T12:04:27+00:00,2026-09-09T16:44:54+00:00,Equity,0.22969,0.15676,0.74512,0.58105,0.40438,0.35,0.494,14525908992,10149319680,4282268928,5873932800,97545000,3.608466,9.759,6.819,320350016,24742464000,34471291000,3477914880,,2.858,1.896,1.12,0.1455,28.15,0.00065,0.71217,0.0121
AGL,"agilon health, inc.",93.589996,1542776320,147800,322066,91.120003,89.239998,94.139999,93.589996,2.219994,2.429674,91.370003,2026-09-10,,,3.037,16791210,,-15.23,Healthcare,Medical Care Facilities,"agilon health, inc. provides healthcare services for seniors through primary care physicians in the communities of the United States. It offers a platform that manages the total healthcare needs of the patients by subscription-like per-member per-month. The company was formerly known as Agilon Health Topco, Inc. and changed its name to agilon health, inc. in March 2021. The company was founded in 2016 and is based in Westerville, Ohio.",NYQ,Mr. Jeffrey Alan Schwaneke CPA,United States,2021-04-15,false,false,true,https://www.agilonhealth.com,,USD,856,Westerville,OH,562 256 3800,440 Polaris Parkway,,2026-09-10T12:04:28+00:00,2026-09-09T16:44:55+00:00,Equity,-0.78942,-0.09611,0.00234,0.01298,-0.03923,0.072,,5920014848,-239715008,-145675744,-251216992,49119000,6.77831,-5.765,0.233,33446000,126734000,1271290000,185627008,,1.081,0.976,14.7,0,,0.03138,0.96501,0.093
AGO,Assured Guaranty Ltd.,72.209999,3195089408,535700,366841,72.620003,72.129997,73.18,72.209999,-0.790001,-1.082193,73,2026-09-10,,,0.724,43979208,9.660905,7.52,Financial Services,Insurance - Specialty,"Assured Guaranty Ltd., together with its subsidiaries, provides credit protection products to public finance and structured finance markets in the United States and internationally. It operates through Insurance and Asset Management segments. The company offers financial guaranty insurance that protects holders of debt instruments and other monetary obligations from defaults in scheduled payments. It also provides specialty insurance and reinsurance on transactions with risk profiles similar to those of its structured finance exposures written in financial guaranty form, as well as offers credit protection through reinsurance. In addition, the company insures and reinsures various the U.S. public finance obligations, such as general obligation, tax-backed bonds, municipal utility, transportation, healthcare, higher education, infrastructure, housing revenue, investor-owned utility, renewable energy, and other public finance bonds. Further, it involved in insuring and reinsuring of non-U.S. public finance obligations comprising regulated utilities, infrastructure finance, sovereign and sub-sovereign, renewable energy bonds, and pooled infrastructure obligations; and the U.S. and non-U.S. structured finance obligations, including residential mortgage-backed securities, life insurance transactions, pooled corporate obligations, and financial products. Additionally, the company offers specialty business, such as diversified real estate, insurance reserve financing and securitizations, pooled corporate obligations, and aircraft residual value insurance (RVI) transactions; and asset management services comprising investment advisory services. It markets its financial guaranty insurance directly to issuers and underwriters of public finance and structured finance securities, as well as to investors. Assured Guaranty Ltd. was incorporated in 2003 and is headquartered in Hamilton, Bermuda.",NYQ,Mr. Dominic John Frederico C.P.A.,Bermuda,,false,false,true,https://assuredguaranty.com,,USD,367,Hamilton,,441 279 5700,30 Woodbourne Avenue,2.08,2026-09-10T12:04:29+00:00,2026-09-09T16:44:59+00:00,Equity,0.06666,0.01582,0.94342,0.4264,0.43173,-0.005,-0.577,813000000,,14625000,348000000,,0.57545,,4.545,1706000000,5663000000,12176000000,1243000064,,0.99,0.884,30.563,0.1915,0.33,0.06851,0.96588,0.0735
ALLY,Ally Financial Inc.,41.830002,12709462016,3452600,3048001,42.099998,41.634998,42.355,41.830002,-0.449997,-1.064326,42.279999,2026-09-10,,,1.074,304199693,9.830588,4.25,Financial Services,Credit Services,"Ally Financial Inc., a digital financial-services company, provides various digital financial products and services in the United States and Canada. The company operates through Automotive Finance operations, Insurance operations, and Corporate Finance operations. It offers automotive financing services, including providing retail installment sales contracts, loans and operating leases, term loans to dealers, financing dealer floorplans and other lines of credit to dealers, warehouse lines to automotive retailers, and fleet financing; and financing services to companies and municipalities for the purchase or lease of vehicles, and vehicle-remarketing services. The company also provides consumer finance protection and insurance products through the automotive dealer channel, and commercial insurance products directly to dealers; VSCs, VMCs, and GAP products; and underwrite select commercial insurance coverages, which primarily insure dealers' vehicle inventory. In addition, it provides senior secured asset-based and leveraged cash flow loans to middle-market companies; leveraged loans; commercial real estate product to serve companies in the nursing facilities, senior housing, and medical office buildings; and treasury activities, such as management of the cash and corporate investment securities and loan portfolios, short- and long-term debt, retail and brokered deposit liabilities, derivative instruments, original issue discount, and equity investments. Further, the company offers deposits and securities brokerage and investment advisory services. The company was formerly known as GMAC Inc. and changed its name to Ally Financial Inc. in May 2010. Ally Financial Inc. was founded in 1919 and is based in Detroit, Michigan.",NYQ,Mr. Michael G. Rhodes,United States,,false,false,true,https://www.ally.com,,USD,10300,Detroit,MI,866 710 4623,Ally Detroit Center,2.84,2026-09-10T12:04:30+00:00,2026-09-09T16:45:00+00:00,Equity,0.09681,0.00747,0,0.25271,0.1841,0.11,0.135,7897999872,,,1328999936,,0.941457,,3.793,23082999808,15498000000,196002000000,7840000000,,,,,0.2824,0.3764,0.09646,0.88897,0.0426
ALT,"Altimmune, Inc.",3.35,644826176,3069900,4511627,3.35,3.291,3.425,3.35,-0.01,-0.297619,3.36,2026-09-10,,,0.176,194517701,,-0.76,Healthcare,Biotechnology,"Altimmune, Inc., a late clinical stage biopharmaceutical company, focuses on developing novel therapies for serious liver diseases. Its lead product candidate is pemvidutide, a GLP-1/glucagon dual receptor agonist, which is in Phase 3 clinical trial for the treatment of metabolic dysfunction-associated steatohepatitis, alcohol use disorder, and alcohol-associated liver disease. The company was founded in 1997 and is headquartered in Gaithersburg, Maryland.",NGM,Mr. Jerome Benedict Durso,United States,,false,false,true,https://altimmune.com,,USD,57,Gaithersburg,MD,240 654 1450,910 Clopper Road,,2026-09-10T12:04:30+00:00,2026-09-09T16:45:01+00:00,Equity,-0.28875,-0.17199,0,-3184.9355,0,,,31000,-98634000,-48786124,-91760000,16076000,1.359721,-3.684,11719.951,36020000,224892000,279929000,326280992,,26.783,26.368,7.596,0,32.62,0.00416,0.77762,0.2624
ALXO,ALX Oncology Holdings Inc.,1.84,266183200,770500,1269787,1.97,1.84,2.02,1.84,-0.16,-7.999998,2,2026-09-10,,,0.398,138276997,,-1.15,Healthcare,Biotechnology,"ALX Oncology Holdings Inc., a clinical-stage immuno-oncology company, focuses on developing therapies for cancer patients in the United States. The company's lead product candidate is Evorpacept, a CD47 blocking therapeutic biologic development as a combination therapy with other anti-cancer agents, including ASPEN-06, under phase 2 clinical study for treating Gastric/GEJ cancer. It has collaboration agreement for Evorpacept combination programs comprising Jazz Pharmaceuticals plc for zanidatamab, under phase 1b/2 trial for the treatment of breast cancer and other solid tumors; HER2 with an ADC, fam-trastuzumab deruxtecan-nxki, under phase 1 trial for the treatment of patients with breast cancer; ALX2004, under phase 1 clinical trial for treating solid tumors; MD Anderson Cancer Center with rituximab and lenalidomide for the treatment of patients with indolent and aggressive NHL; and Sanofi with isatuximab and dexamethasone, under phase 1/2 trial for the treatment of patients with relapsed or refractory multiple myeloma. It has license agreements with Board of Trustees of Leland Stanford Junior University. The company was incorporated in 2015 and is headquartered in South San Francisco, California.",NMS,Mr. Jason W. Lettmann,United States,,false,false,true,https://www.alxoncology.com,,USD,48,South San Francisco,CA,650 466 7125,323 Allerton Avenue,,2026-09-10T12:04:31+00:00,2026-09-09T16:45:02+00:00,Equity,-0.80647,-0.40403,0,0,0,,,,-82295000,-41156124,-80890000,12579000,1.954315,-1.815,,11038000,25981000,59046000,138228992,,9.709,9.434,8.105,0,,0.00892,0.84587,0.0611
ANF,Abercrombie & Fitch Co.,152.080002,6446417920,1470500,1534324,153.410004,150.309998,155.220001,152.080002,0.650009,0.429247,151.429993,2026-09-10,,,0.966,42434377,13.118739,11.58,Consumer Cyclical,Apparel Retail,"Abercrombie & Fitch Co., through its subsidiaries, operates as an omnichannel retailer in the Americas, Europe, the Middle East, Africa, and the Asia-Pacific. It offers an assortment of apparel, personal care products, and accessories for men, women, and kids under the Abercrombie & Fitch, abercrombie kids, Your Personal Best, Hollister, and Gilly Hicks brands. The company sells products through its stores, various wholesale, franchise, and licensing arrangements, as well as e-commerce platforms. Abercrombie & Fitch Co. was founded in 1892 and is headquartered in New Albany, Ohio.",NYQ,Ms. Fran  Horowitz,United States,,false,false,true,https://corporate.abercrombie.com,,USD,6600,New Albany,OH,614 283 6500,6301 Fitch Path,,2026-09-10T12:04:32+00:00,2026-09-09T16:45:04+00:00,Equity,0.40609,0.13628,0.63675,0.19941,0.10035,0.048,0.433,5340931072,916547008,435861760,535979008,39048000,4.908718,7.736,1.328,1287440000,1403895000,3541874000,637998976,,1.407,0.754,93.997,0,3.62,0.02223,1.15654,0.1241
AON,Aon plc,304.690002,65193570304,2266700,1415529,313.450012,303.589996,315.670013,304.690002,-11.100006,-3.514996,315.790009,2026-09-10,,,0.66,212125434,16.951738,18.13,Financial Services,Insurance Brokers,"Aon plc operates as a professional services firm in the United States, rest of the Americas, the United Kingdom, Ireland, rest of Europe, the Middle East, Africa, and the Asia Pacific. It operates through Risk Capital and Human Capital segments. The company offers commercial risk solutions comprising retail and insurance brokerage, specialty solutions, global risk consulting, captives management, and affinity programs; health solutions, such as consulting and brokerage, consumer benefits, and talent advisory services; and wealth solutions, including retirement consulting and investments. It also provides treaty and facultative reinsurance; strategy and technology group solutions; insurance-linked securities, capital raising, strategic advice, restructuring, and merger and acquisition services; and risk management products and solutions, capital market solutions, and corporate finance advisory services. In addition, the company offers strategic design advice and actuarial services; pension risk transfer and integrated pension administration; and investment advisory services on developing and maintaining investment programs across various plan types, including defined benefit plans, defined contribution plans, master trusts, and pooled employer plans for corporations, public pensions, endowments, and foundations. Aon plc was incorporated in 1979 and is headquartered in Dublin, Ireland.",NYQ,Mr. Gregory Clarence Case,Ireland,,false,false,true,https://www.aon.com,,USD,60000,Dublin,,353 1 266 6000,15 George's Quay,1.04,2026-09-10T12:04:34+00:00,2026-09-09T16:45:05+00:00,Equity,0.44699,0.05829,0.48154,0.23457,0.22268,0.022,-0.03,17577000960,5900000256,3190874880,3913999872,432000000,6.788333,13.877,4.658,15873999872,9352000000,50784000000,1096999936,,1.033,0.242,163.481,0.1684,2.3801,0.01012,0.93248,0.016
AR,Antero Resources Corporation,39.119999,11907112960,3582400,4392093,39.290001,38.669998,39.459999,39.119999,0.039997,0.102347,39.080002,2026-09-10,,,0.348,307439000,11.097421,3.49,Energy,Oil & Gas E&P,"Antero Resources Corporation, an independent oil and natural gas company, engages in the development, production, exploration, and acquisition of natural gas, natural gas liquids (NGLs), and oil properties in the United States. It operates in three segments: Exploration and Production; Marketing; and Equity Method Investment in Antero Midstream. As of December 31, 2025, the company had approximately 537,000 net acres in the Appalachian Basin; and approximately 168,000 net acres in the Upper Devonian Shale. Its gathering and compression systems also comprise 731 miles of gas gathering pipelines in the Appalachian Basin. The company was formerly known as Antero Resources Appalachian Corporation and changed its name to Antero Resources Corporation in June 2013. Antero Resources Corporation was incorporated in 2002 and is headquartered in Denver, Colorado.",NYQ,Mr. Michael N. Kennedy,United States,,false,false,true,https://www.anteroresources.com,,USD,632,Denver,CO,303 357 7310,1615 Wynkoop Street,,2026-09-10T12:04:34+00:00,2026-09-09T16:45:06+00:00,Equity,0.14216,0.06611,0.67154,0.26017,0.18746,0.126,0.799,5781233152,2316946944,391220736,1083735040,60812000,1.436679,,,4615305216,7550827000,13245407000,,,0.401,0.28,55.493,0,0.4492,0.04407,0.91548,0.0444
ASTS,"AST SpaceMobile, Inc.",62.419998,25031251968,8261300,16120164,66.57,62.419998,66.720001,62.419998,-3.700005,-5.595893,66.120003,2026-09-10,,,2.726,299789305,,-2.15,Technology,Communication Equipment,"AST SpaceMobile, Inc., together with its subsidiaries, designs and develops the constellation of BlueBird satellites in the United States. The company provides a cellular broadband network in space to be accessible directly by smartphones for commercial use and other applications, as well as for government use. Its SpaceMobile service provides cellular broadband services to end-users who are out of terrestrial cellular coverage. The company was founded in 2017 and is headquartered in Midland, Texas.",NMS,Mr. Abel  Avellan,United States,,false,false,true,https://ast-science.com,,USD,1126,Midland,TX,432 276 3966,Midland International Air & Space Port,,2026-09-10T12:04:35+00:00,2026-09-09T16:45:07+00:00,Equity,-0.45621,-0.07643,0.38914,-5.44626,0,26.266,,115299000,-406319008,-1799572992,-618761024,47490000,10.178826,-51.76,182.405,2993731072,1841475000,5014387000,2288252928,,13.053,12.393,124.865,0,,0.07966,0.54654,0.1923
AWK,"American Water Works Company, Inc.",140.330002,27845904384,2132000,2292541,140.529999,139.770004,142.039993,140.330002,-0.050003,-0.03562,140.380005,2026-09-10,,,0.58,198728989,24.284227,5.77,Utilities,Utilities - Regulated Water,"American Water Works Company, Inc., through its subsidiaries, provides water and wastewater services in the United States. It offers water and wastewater services on military installations; and undertakes contracts with municipal customers, primarily to operate and manage water and wastewater facilities, as well as offers other related services. The company also operates approximately 80 surface water treatment plants; 520 groundwater treatment plants; 170 wastewater treatment plants; 55,000 miles of transmission, distribution, and collection mains and pipes; 1,200 groundwater wells; 1,800 water and wastewater pumping stations; 1,100 treated water storage facilities; and 75 dams. In addition, it offers water and wastewater services to 14 states serving approximately 3.6 million active customers. The company serves residential customers; commercial customers, including food and beverage providers, commercial property developers and proprietors, and energy suppliers; fire service and private fire customers; industrial customers, such as large-scale manufacturers, mining, and production operations; public authorities comprising government buildings and other public sector facilities, such as schools and universities; and other utilities and community water and wastewater systems. The company was founded in 1886 and is headquartered in Camden, New Jersey.",NYQ,Mr. John C. Griffith,United States,,false,false,true,https://www.amwater.com,,USD,7000,Camden,NJ,856 955 4001,1 Water Street,2.55,2026-09-10T12:04:36+00:00,2026-09-09T16:45:08+00:00,Equity,0.10095,0.03516,0.61469,0.40664,0.21347,0.062,0.086,5283999744,2912999936,-1785374976,1128000000,,2.387134,15.015,8.278,16067999744,10837000000,35442000000,227000000,,0.523,0.396,137.745,0.5854,2.4872,0.00116,1.07058,0.0688
B,Barrick Mining Corporation,44.59,73496969216,7949100,10406833,44.700001,44.130001,45.389999,44.59,0.490002,1.111115,44.099998,2026-09-10,,,1.15,1645884419,11.53876,3.87,Basic Materials,Gold,"Barrick Mining Corporation engages in the exploration, development, production, and sale of mineral properties. It explores for gold, copper, silver, and energy materials. The company was formerly known as Barrick Gold Corporation and changed its name to Barrick Mining Corporation in May 2025. Barrick Mining Corporation was founded in 1983 and is based in Toronto, Canada.",NYQ,Mr. Mark F. Hill B.Eng,Canada,,false,false,true,https://www.barrick.com,,USD,,Toronto,ON,416 861 9911,"Brookfield Place, TD Canada Trust Tower",1.59,2026-09-10T12:04:38+00:00,2026-09-09T16:45:11+00:00,Equity,0.27009,0.1344,0.56267,0.51342,0.316,0.438,0.553,20654999552,12903999488,5088625152,6527000064,270000000,2.691682,6.268,3.916,4681999872,26557000000,51577000000,5927000064,,3.014,2.118,12.706,0.2377,2.04,0.00419,0.65447,
BABO,YieldMax BABA Option Income Strategy ETF,7.38,,32800,42754,7.52,7.38,7.52,7.38,-0.2,-2.63852,7.58,2026-09-10,,,,,,,,,"The fund is an actively managed ETF that seeks current income while maintaining the opportunity for exposure to the share price of the common stock of Alibaba Group Holding Limited (“BABA”), subject to a limit on potential investment gains. The fund is non-diversified.",PCX,,,,true,false,true,,,USD,,,,,,63.18,2026-09-10T12:04:39+00:00,2026-09-09T16:45:12+00:00,Equity,,,,,,,,,,,,,,,,,,25191508,,1,,,,,,,,
BATRK,"Atlanta Braves Holdings, Inc.",49.650002,3183690240,360900,582850,50.25,49.424999,50.305,49.650002,-0.809998,-1.605227,50.459999,2026-09-10,,,0.813,52871959,,-1,Communication Services,Entertainment,"Atlanta Braves Holdings, Inc., through its subsidiary, Braves Holdings, LLC, owns and operates the Atlanta Braves Major League Baseball Club in the United States. It operates through Baseball and Mixed-Use Development segments. The company also operates the Braves' ballpark located in Cobb County, a suburb of Atlanta. In addition, it is involved in the mixed-use development business, such as retail, office, hotel, and entertainment operations primarily within The Battery Atlanta. The company was incorporated in 2022 and is headquartered in Atlanta, Georgia.",NMS,Mr. Terence Foster McGuirk,United States,2023-07-19,false,false,true,https://www.bravesholdings.com,,USD,1610,Atlanta,GA,404 614 2300,Truist Park,,2026-09-10T12:04:40+00:00,2026-09-09T16:45:13+00:00,Equity,-0.12034,-0.01412,0.24903,-0.06077,-0.08559,-0.023,,749966976,39762000,-19994876,-64187000,15575000,6.190268,101.37,5.374,896691008,526050000,1614957000,116278000,,0.491,0.347,170.267,0,,0.08052,0.87988,0.0687
BB,BlackBerry Limited,7.75,4568652800,5912500,20165859,7.88,7.68,7.89,7.75,-0.12,-1.524776,7.87,2026-09-10,,,1.437,586100431,77.95,0.1,Technology,Software - Infrastructure,"BlackBerry Limited provides intelligent software and services to enterprises and governments worldwide. The company operates through three segments: Secure Communications, QNX, and Licensing. The company offers BlackBerry Dynamics, a development platform and secure container for mobile applications; BlackBerry Workspaces a secure Enterprise File Sync and Share (EFSS) solution; BlackBerry Messenger (BBM) Enterprise, an enterprise-grade secure instant messaging solution for messaging, voice, and video; BlackBerry SecuSUITE, a multi-OS voice and text messaging solution; BlackBerry AtHoc, a secure networked critical event management solution; and BlackBerry unified endpoint management (UEM) solutions. It also provides BlackBerry Certicom, a patented elliptic curve cryptography, which provides device security, anti-counterfeiting, and product authentication solutions; BlackBerry Radar offers asset monitoring and telematics solutions for transportation and logistics; and BlackBerry Development Platform, an enterprise-grade toolset. In addition, the company offers enterprise consulting and engineering consulting services. Further, it is involved in patent licensing. The company was formerly known as Research In Motion Limited and changed its name to BlackBerry Limited in July 2013. BlackBerry Limited was incorporated in 1984 and is headquartered in Waterloo, Canada.",NYQ,Mr. John Joseph Giamatteo,Canada,,false,false,true,https://www.blackberry.com,,USD,1749,Waterloo,ON,519-888-7465,2200 University Avenue East,,2026-09-10T12:04:41+00:00,2026-09-09T16:45:14+00:00,Equity,0.08104,0.03917,0.77133,0.10268,0.10305,0.256,2.163,580300032,93000000,105150000,59800000,23200000,6.08509,48.202,7.725,221100000,746000000,1245200000,350900000,,2.197,2.036,29.453,0,1.4946,0.00317,0.54237,0.0631
BCAB,"BioAtla, Inc.",1.23,2115947,14900,77448,1.3,1.18,1.45,1.23,-0.03,-2.38095,1.26,2026-09-10,,,0.698,1666100,,-25.07,Healthcare,Biotechnology,"BioAtla, Inc., a clinical-stage biopharmaceutical company, develops specific and selective antibody-based therapeutics for the treatment of solid tumor cancer. Its lead clinical stage product candidates include mecbotamab vedotin (BA3011), a conditionally active biologic (CAB) antibody-drug conjugate (ADC) for treating undifferentiated pleomorphic sarcoma and non-small cell lung cancer (NSCLC); and ozuriftabmab vedotin (BA3021), a CAB ADC to treat melanoma and oropharyngeal squamous cell carcinoma. The company is also developing Evalstotug (BA3071), a CAB anti-cytotoxic T-lymphocyte-associated antigen 4 antibody for treating melanoma, renal cell carcinoma, colorectal cancer, and NSCLC; BA3182, a bispecific candidate to treat adenocarcinomas; BA3361, a CAB-Nectin-4-ADC for treating tumors; BA3142, a dual-CAB T-cell engager targeting B7-H3, a protein expressed on various solid tumors; and preclinical candidate for CAB-Nectin 4 x CAB-CD3. The company was founded in 2007 and is headquartered in San Diego, California.",NCM,Dr. Jay M. Short Ph.D.,United States,2020-12-16,false,false,true,https://www.bioatla.com,,USD,41,San Diego,CA,858 558 0708,11085 Torreyana Road,,2026-09-10T12:04:42+00:00,2026-09-09T16:45:15+00:00,Equity,,-1.05858,-1.88918,0.03492,0,,,8500000,-30830000,-11860625,-31454000,5434000,-0.058294,-0.208,0.755,5863000,-36189000,13828000,1544000,,0.203,0.169,,0,,0.05413,0.21367,0.0861
BIDU,"Baidu, Inc.",92.029999,31546277888,3040900,2614487,93.849998,91.809998,94.120003,92.029999,-0.520004,-0.561863,92.550003,2026-09-10,,,0.569,276055254,,-2.33,Communication Services,Internet Content & Information,"Baidu, Inc. provides internet content, value-added telecommunication-based, internet map, and online audio and video services in the People's Republic of China. It operates in two segments, Baidu General Business and iQIYI. The Baidu General Business segment offers products and services for mobile ecosystem, AI cloud, and intelligent driving. This segment operates Baidu App that enables users to access search, feed, content, and other services through mobile devices; and Haokan, which offers a range of various user generated and professionally produced short videos. It also provides a portfolio of knowledge and information products, including Baidu Wiki, which features columns and videos, such as encyclopedia of intangible cultural heritage, digital museum and recorder of history; Baidu Knows, an online community where users can pose questions to other users, such as individuals, professionals, and enterprises; Baidu Experience, an online platform where users share daily knowledge and experience; ERNIE Bot, new AI-native product that serves as a multi-round conversational AI assistant on both PC and mobile; and Baidu Post, a social media that allows users to post text, image, audio and video content, and reply to original curation forming valuable discussion groups, as well as livestreaming services, including live streaming and AI-powered digital human livestreaming. In addition, the company offers DuerOS smart assistant for the Chinese language; Apollo Go autonomous ride-hailing service; online marketing services; Baidu Maps, a voice-enabled mobile app providing users with travel-related services; and AI chips. The iQIYI segment produces and distributes professionally produced content. This segment offers online entertainment video services, including online videos, experience services, online games, comics, and others. The company was incorporated in 2000 and is headquartered in Beijing, the People's Republic of China.",NMS,Mr. Yanhong  Li,China,,false,false,true,https://ir.baidu.com,,USD,33500,Beijing,,86 10 5992 8888,Baidu Campus,,2026-09-10T12:04:43+00:00,2026-09-09T16:45:16+00:00,Equity,-0.0139,0.01195,0.40871,0.09654,-0.02895,-0.042,-0.717,127314001920,23396999168,,-4611999744,3605000000,0.774444,0.06,0.011,112896999424,266330000000,449157000000,166251003904,,2.327,2.025,38.258,0,0.8213,0.02925,0.23469,0.0411
BIRK,Birkenstock Holding plc,31.559999,5254316032,3082000,2321503,32.32,31.424999,32.455002,31.559999,-1.059999,-3.249539,32.619999,2026-09-10,,,1.277,165126204,14.938966,2.13,Consumer Cyclical,Footwear & Accessories,"Birkenstock Holding plc engages in the manufacture and sale of footwear products in the Americas, Europe, the Middle East, Africa, and the Asia Pacific. It offers footbed-based products, including sandals and closed-toe shoes; and skincare products and accessories. The company sells its products through e-commerce sites and a network of owned retail stores, as well as business-to-business channels. The company was formerly known as Birkenstock Group Limited. Birkenstock Holding plc was founded in 1774 and is based in London, the United Kingdom. Birkenstock Holding plc operates as a subsidiary of BK LC Lux MidCo S.à r.l.",NYQ,Mr. Oliver Christian Joachim Reichert,United Kingdom,,false,false,true,https://www.birkenstock-holding.com,,USD,6800,London,,44 1534 835 600,1-2 Berkeley Square,,2026-09-10T12:04:44+00:00,2026-09-09T16:45:17+00:00,Equity,0.12361,0.06708,0.57484,0.28973,0.14821,0.133,-0.13,2266098944,647585984,154646000,335864000,,1.739533,10.876,3.108,1933971968,2722726000,4942120000,693635008,,3.783,1.967,69.021,0,0.9196,0.17471,1.05076,0.1123
BLNK,Blink Charging Co.,0.55,81151184,934900,1561729,0.561,0.55,0.58,0.55,-0.024,-4.181183,0.574,2026-09-10,,,2.067,144938716,,-0.39,Industrials,Engineering & Construction,"Blink Charging Co., through its subsidiaries, owns, operates, manufactures, and provides electric vehicle (EV) charging equipment and networked EV charging services in the United States and internationally. It offers residential and commercial EV charging equipment that enable EV drivers to recharge at various location types. The company also provides Blink Network, a cloud-based system that operates, maintains, and manages various Blink charging stations and associated charging data, back-end operations, and payment processing, as well as offers fleets, property owners, managers, parking companies, and state and municipal entities with cloud-based services that enable the remote monitoring and management of EV charging stations; and EV drivers with station information, including station location, availability, and applicable fees. Further, it offers EV charging hardware, software services, and extended warranty service plans. It has strategic partnerships across transit/destination locations, including airports, auto dealers, healthcare/medicals, hotels, mixed-use and municipal locations, multifamily residential and condos, parks and recreation areas, parking lots, restaurants, retailers, schools and universities, stadiums, supermarkets, transportation hubs, and workplace locations. The company was founded in 2009 and is headquartered in Bowie, Maryland.",NCM,Mr. Michael C. Battaglia,United States,,false,false,true,https://blinkcharging.com,,USD,320,Bowie,MD,305 521 0200,17301 Melford Blvd,,2026-09-10T12:04:45+00:00,2026-09-09T16:45:18+00:00,Equity,-0.85481,-0.18892,0.33689,-0.34594,-0.52477,-0.245,,96550000,-36206000,18803376,-50667000,2764000,1.686446,-1.482,0.556,4469000,64490000,147453000,34004000,,1.169,0.87,9.351,0,,0.0364,0.11555,0.1013
BMEA,"Biomea Fusion, Inc.",1.845,135561456,2503400,1147590,1.94,1.815,1.959,1.845,-0.085,-4.404141,1.93,2026-09-10,,,-0.244,72299440,,-0.18,Healthcare,Biotechnology,"Biomea Fusion, Inc., a clinical-stage diabetes and obesity medicines company, focuses on the discovery and development of oral drugs to treat patients with diabetes and obesity. It's lead clinical program's drug candidates are COVALENT-111 and COVALENT-112, which has completed Phase II clinical trials of icovamenib for the treatment of Type 1 and Type 2 diabetes; COVALENT-211, which is in Phase II clinical trial of icovamenib for treating insulin-deficient type 2 diabetes; and COVALENT-212, which is in Phase II clinical trial of icovamenib for the treatment of type 2 diabetes. The company is also developing BMF-650, which is in Phase I glucagon-like peptide-131 clinical trial for the treatment of obesity. The company was incorporated in 2017 and is headquartered in San Carlos, California.",NMS,Dr. Michael J. M. Hitchcock Ph.D.,United States,2021-04-16,false,false,true,https://biomeafusion.com,,USD,37,San Carlos,CA,650 980 9099,1599 Industrial Road,,2026-09-10T12:04:46+00:00,2026-09-09T16:45:19+00:00,Equity,-1.64139,-0.63455,0,0,0,,,,-55319000,-27796876,-32538000,9520000,11.227545,-1.915,,877000,29552000,58572000,34824000,,3.475,3.322,7.226,0,,0.07148,0.40022,0.1652
BOOM,DMC Global Inc.,6.72,139062224,68000,262835,6.88,6.66,7.02,6.72,-0.13,-1.897812,6.85,2026-09-10,,,1.765,20540949,,-0.94,Industrials,Conglomerates,"DMC Global Inc. provides various products and engineered solutions for the construction, energy, and industrial processing markets worldwide. It operates through three segments: Arcadia Products, DynaEnergetics, and NobelClad. The Arcadia Products segment offers designed, engineered, fabricated, and finished aluminum framing systems, windows, curtain walls, storefronts, entrance systems, and other architectural components for use in commercial exteriors; and interior framing and partitions comprising framing systems, aluminum doors, sliding systems, and glazing systems. This segment also provides custom, fully fabricated aluminum, steel, and wood windows and doors for the home market. This segment sells its products through a national in-house sales force for buildings, such as office towers, airports, hotels, education and athletic facilities, health care facilities, government buildings, retail centers, mixed use and multi-family residential buildings, and industrial and manufacturing centers. The DynaEnergetics segment designs, manufactures, and sells perforating systems, such as initiation systems, shaped charges, detonating cords, gun hardware, and a control panel; and perforating systems and associated hardware for the oil and gas industry. This segment sells its products through direct selling, distributors, and independent sales representatives. The NobelClad segment produces and sells explosion-welded clad metal plates for use in the construction of heavy, corrosion resistant pressure vessels, and heat exchangers for oil and gas, chemical and petrochemical, petroleum refining, alternative energy, hydrometallurgy, aluminum production, shipbuilding, power generation, and industrial refrigeration industries. The company was formerly known as Dynamic Materials Corporation and changed its name to DMC Global Inc. in November 2016. DMC Global Inc. was founded in 1965 and is headquartered in Broomfield, Colorado.",NMS,Mr. James  O'Leary,United States,,false,false,true,https://www.dmcglobal.com,,USD,1500,Broomfield,CO,303 665 5700,11800 Ridge Parkway,,2026-09-10T12:04:47+00:00,2026-09-09T16:45:20+00:00,Equity,-0.04327,-0.00566,0.19932,0.03477,-0.0337,0.009,,587611008,27221000,21590624,-18617000,5542000,0.585893,14.821,0.687,104204000,242050000,635831000,28551000,,2.556,1.066,24.552,0,0.49,0.07272,0.74457,0.0121
BRKR,Bruker Corporation,54.43,8294440960,2959900,2155159,57.93,53.459999,58.009998,54.43,-3.939999,-6.750041,58.369999,2026-09-10,,,1.262,152359316,,-0.7,Healthcare,Medical Devices,"Bruker Corporation, together with its subsidiaries, develops, manufactures, and distributes scientific instruments, and analytical and diagnostic solutions. It operates through four segments: Bruker Scientific Instruments (BSI) BioSpin, BSI CALID, BSI Nano, and Bruker Energy & Supercon Technologies. The company offers magnetic resonance spectroscop, preclinical imaging, biopharma and applied, services and lifecycle support, integrated data solution, and automation; life science tools; innovative nuclear magnetic resonance (NMR) and electron paramagnetic resonance (EPR) products; solutions for in-vivo processes and drug discovery; aftermarket solutions; solutions for lab automation and digitalization; mass spectrometry solution and test kits, DNA test strips, and fluorescence-based PCR technologies; genotype and fluorotype molecular diagnostics kits; and research, analytical, and process analysis instruments and solutions. It also provides range of portable analytical and bioanalytical detection systems, and related products; X-ray instruments; analytical tools for electron microscopes, as well as handheld, portable, and mobile X-ray fluorescence spectrometry instruments; atomic force microscopy instrumentation; non-contact nanometer resolution solution topography; and automated X-ray metrology, automated AFM defect-detection, and photomask repair and cleaning equipment. In addition, the company offers advanced optical fluorescence microscopy instruments; services for transcriptional profiling and multiomic analysis; superconducting materials, such as metallic low temperature superconductors; multifilament round and rectangular LTS wires in both monolithic and wire-in-channel formats; designs and manufactures Cuponal; metallic low temperature superconductors; and non-superconducting high technology tools, such as synchrotron and beamline instrumentation. Bruker Corporation was founded in 1960 and is headquartered in Billerica, Massachusetts.",NMS,Dr. Frank H. Laukien Ph.D.,United States,,false,false,true,https://www.bruker.com,,USD,11085,Billerica,MA,978 663 3660,40 Manning Road,0.34,2026-09-10T12:04:48+00:00,2026-09-09T16:45:21+00:00,Equity,-0.02998,0.03137,0.48477,0.09875,-0.02035,0.052,,3499599872,541100032,179937504,-106900000,20200000,3.482823,19.623,3.034,1855200000,2510300000,6241400000,184900000,,1.847,0.798,76.164,0.3846,1.52,0.26966,0.95994,0.1491
BTDR,Bitdeer Technologies Group,12.33,3306231040,6846000,11924119,12.76,12.07,12.85,12.33,-0.34,-2.683506,12.67,2026-09-10,,,2.505,227382323,,-1.91,Technology,Software - Application,"Bitdeer Technologies Group operates as a technology company for blockchain and high-performance computing (HPC) in Singapore, the United States, Bhutan, Norway, Finland, Ethiopia, Canada, and internationally. The company offers hash rate sharing solutions, including cloud hash rate and hash-rate subscription plans; and a one-stop mining rig hosting solution comprising deployment, maintenance, and management services for cryptocurrency mining; as well as mining cryptocurrencies for its own account. It also operates mining datacenters to generate hash rates; handles various processes involved in computing, such as equipment procurement, transport logistics, datacenter design and construction, equipment management, and daily operations; and sells mining rigs. In addition, the company offers Minerplus, a software platform that offers software support to reduce time needed for daily maintenance and mining rig upgrade; AI infrastructure and AI cloud business to offer advanced AI cloud capabilities, HPC services and colocation services; and mining solutions under the SEALMINER brand. The company is headquartered in Singapore.",NCM,Mr. Jihan  Wu,Singapore,2023-04-14,false,false,true,https://www.bitdeer.com,,USD,471,Singapore,,65 6282 8220,"No. 09-03/04, Aperia tower 1",,2026-09-10T12:04:49+00:00,2026-09-09T16:45:23+00:00,Equity,-0.25264,0.03921,0.00667,-0.42455,-0.28142,0.471,,812257024,484771008,16953624,-228586000,38493000,2.997782,10.18,6.076,1952280064,867848000,2804572000,460865984,,1.006,0.606,177.028,0,,0.29294,0.71937,0.31
BYND,"Beyond Meat, Inc.",10.9,190165248,974000,1308708,11.23,10.88,11.62,10.9,-0.31,-2.765392,11.21,2026-09-10,,,2.763,17193965,,-19.2,Consumer Defensive,Packaged Foods,"Beyond Meat, Inc., a plant-based meat company, engages in the development, manufacture, marketing, and sale of plant-based meat products under the Beyond brand name in the United States and internationally. The company sells a range of plant-based meat products that replicates beef, pork, and poultry meats. It sells its products through grocery, mass merchandiser, club stores, and natural retailer channels, as well as various food-away-from-home channels, including restaurants, foodservice outlets, and schools. The company was formerly known as Savage River, Inc. and changed its name to Beyond Meat, Inc. in September 2018. Beyond Meat, Inc. was incorporated in 2008 and is headquartered in El Segundo, California.",NMS,Mr. Ethan  Brown,United States,,false,false,true,https://www.beyondmeat.com,,USD,589,El Segundo,CA,866 756 4112,888 North Douglas Street,,2026-09-10T12:04:49+00:00,2026-09-09T16:45:24+00:00,Equity,,-0.15537,0.10246,-0.42489,1.15852,-0.082,,258844992,-130316000,-7388375,258864992,30990000,3.3505,-3.293,1.658,407812992,-997000,614747000,171368992,,2.634,1.756,718.525,0,40.75,0.03379,0.27244,0.3016
CCJ,Cameco Corporation,100.410004,44271927296,1705400,3286316,101.769997,99.339996,102.300003,100.410004,-1.559998,-1.529859,101.970001,2026-09-10,,,1.012,435532978,175.25862,0.58,Energy,Uranium,"Cameco Corporation provides uranium for the generation of electricity in the Americas, Europe, and Asia. It operates in three segments: Uranium, Fuel Services, and Westinghouse. The Uranium segment engages in the exploration for, mining, milling, purchase, and sale of uranium concentrate. Its Fuel Services segment is involved in the refining, conversion, and fabrication of uranium concentrate, as well as purchase and sale of conversion services. The Westinghouse segment operates as a nuclear reactor technology original equipment manufacturer and a provider of products and services to commercial utilities and government agencies. It also provides outage and maintenance, engineering support, instrumentation and controls equipment, and plant modification services, as well as components and parts to nuclear reactors. The company sells its uranium and fuel products and services to nuclear utilities. Cameco Corporation was incorporated in 1987 and is headquartered in Saskatoon, Canada.",NYQ,Mr. Timothy S. Gitzel,Canada,,false,false,true,https://www.cameco.com,,USD,,Saskatoon,SK,306 956 6200,2121 - 11th Street West,0.17,2026-09-10T12:04:50+00:00,2026-09-09T16:45:25+00:00,Equity,0.05115,0.02982,0.35113,0.09111,0.10214,-0.072,-0.921,3474621952,798452992,49994624,354894016,9656000,8.586098,55.759,12.813,1222128000,6903363000,10301282000,1112717952,,3.061,1.875,17.131,0.2963,1.92,0.00142,0.69901,
CCU,Compañía Cervecerías Unidas S.A.,11.96,,80800,152680,11.98,11.85,12.05,11.96,-0.17,-1.401485,12.13,2026-09-10,,,0.271,,19.916666,0.6,Consumer Defensive,Beverages - Brewers,"Compañía Cervecerías Unidas S.A., together with its subsidiaries, operates as a diversified beverage company in Chile, Argentina, Bolivia, Colombia, Paraguay, and Uruguay. It operates through three segments: Chile, International Business, and Wine. The company offers wines, soft, isotonic, and sports drinks, nectars, iced tea, pisco, rum, cider, liquors, beers, spirits, cocktails, coolers, and cockail wines; and spring, bottled, mineral, and saborized water. It provides its products under the Cristal, Escudo, Royal Guard, Morenita, Dorada, Andes, Bavaria, Stones, Heineken, Sol, Coors, Austral, Polar Imperial, Patagonia, Kunstmann, Guayacán, D´olbek, Mahina, Volcanes del Sur, Bilz, Pap, Kem, Kem Xtreme, Nobis, Pop, Cachantun, Mas, Mas Woman, Porvenir, Manantial, Red Bull, Rockstar, Perrier, Mistral, Tres Erres, Campanario, Horcón Quemado, Control Valle del Encanto, Espíritu de los Andes, La Serena, Iceberg, Hard Fresh, Ruta, Cocktail, Sabor Andino Sour, Horcón Quemado Sour, Sierra Morena, Cabo Viejo, Kantal, Fehrenberg, Barsol, Puklaro, Pernod Ricard, Fratelli Branca, Sidra 1888, La Pizka, Palermo, Santa Fé, Salta, Córdoba, Isenbeck, Norte, Iguana, Miller Genuine Draft, Amstel, Warsteiner, Grolsch, Blue Moon, Sidra Real, La Victoria, Pehuenia, El Abuelo, Eugenio Bustos, La Celia, Colón, Graffina, Santa Silvia, Villavicencio, Villa del Sur, Levité, Ser, Brío, Altaïr, Cabo de Hornos, Sideral, 1865, Castillo de Molina, Epica, Gato, GatoNegro, Reserva, Gran Reserva, Single Vineyard, Lot series, Misiones de Rengo Varietal, Reserva, Cuvée, Gran Reserva Black, Mision, Sparkling line, Alpaca, Reservado, Siglo de Oro Reserva de Viña Santa Helena, Viñamar, Donnaluna, Manquehuito, Graffigna, Colón, Colón Selecto, Nativa, Nix, Watt's, FullSport, 1888, Imperial, Escudo Silver, Kuntsmann, Miller, and Schneider brands. The company was founded in 1850 and is based in Santiago, Chile. Compañía Cervecerías Unidas S.A. operates as a subsidiary of Inversiones y Rentas S.A.",NYQ,Mr. Eduardo Ffrench-Davis Rodríguez,Chile,,false,false,true,https://www.ccu.cl,,USD,9180,Santiago,,56 22 427 3000,Avenida Vitacura Nº 2670,2.88,2026-09-10T12:04:51+00:00,2026-09-09T16:45:26+00:00,Equity,0.07943,0.03863,0.44667,0,0.03529,0.048,,,345113526272,72386134016,,,,,,1249994639000,1471929546000,3645386969000,,,1.843,1.101,82.488,0.5705,1.73,0,0.14651,0.0313
CENN,Cenntro Inc.,4.175,9801244,81000,12000,4.065,3.86,4.335,4.175,-0.025,-0.595229,4.2,2026-09-10,,,1.683,2456452,,-65.35,Consumer Cyclical,Auto Manufacturers,"Cenntro Inc. engages in the design, manufacture, distribution, and service of commercial vehicles powered by either electricity or hydrogen energy sources in Europe, Asia, the United States, and internationally. Its commercial vehicles are designed to serve various fleet and municipal organizations in support of city services, last-mile delivery, and other commercial applications. The company sells its products under the Metro, Logistar, iChassis, Avantier, Teemak, Bison Motor, and Antric One names. Cenntro Inc. was founded in 2013 and is based in Iselin, New Jersey. Cenntro Inc. is a subsidiary of Cenntro Electric Group Limited.",NCM,Mr. Peter Zuguang  Wang,United States,,false,false,true,https://cenntroauto.com,,USD,155,Iselin,NJ,732 820 6757,33 Wood Avenue South,,2026-09-10T12:04:52+00:00,2026-09-09T16:45:27+00:00,Equity,-1.17962,-0.17399,-0.11605,-0.73635,0,-0.029,,16964168,-24670404,4797876,-66992708,2827050,0.289845,-0.832,1.21,14503417,40282668,74429290,4331715,,1.653,0.232,42.683,0,,0.51215,0.03025,0.0241
CFR.SW,Compagnie Financière Richemont SA,173.199997,102948347904,250813,904644,175.300003,172.5,175.350006,173.199997,-1.900009,-1.085099,175.100006,2026-09-10,,,1.072,534182089,31.663652,5.53,Consumer Cyclical,Luxury Goods,"Compagnie Financière Richemont SA, an investment holding company, engages in the luxury goods business. The company operates through Jewellery Maisons, Specialist Watchmakers, and Other segments. It is involved in the design, manufacture, and distribution of jewelry products, precision timepieces, watches, writing instruments, clothing, and leather goods and accessories. The company provides its products under the Cartier, Van Cleef & Arpels, Vhernier, Buccellati, A. Lange & Söhne, Baume & Mercier, IWC Schaffhausen, Jaeger-LeCoultre, Panerai, Piaget, Roger Dubuis, Vacheron Constantin, Alaïa, Chloé, Delvaux, dunhill, G/FORE, Gianvito Rossi, Montblanc, Peter Millar, Purdey, Serapian, Watchfinder&Co., TIMEVALLEE, and brand names through retail online retail, and wholesale distribution channels. It offers its products in France, the United Kingdom, Italy, Switzerland, rest of Europe, the United Arab Emirates, rest of the Middle East, Africa, China, Hong Kong, Macau, Japan, South Korea, rest of Asia, the United States, and rest of the Americas. The company was incorporated in 1979 and is headquartered in Bellevue, Switzerland.",EBS,Mr. Johann Peter Rupert,Switzerland,,false,false,true,https://www.richemont.com,,CHF,39601,Bellevue,,41 22 721 3500,Chemin de la Chênaie 50,1.8,2026-09-10T12:04:54+00:00,2026-09-09T16:45:29+00:00,Equity,0.14961,0.06952,0.64389,0.19431,0.1554,0.042,-0.272,22420000768,5359000064,2592000000,3464000000,,4.548646,19.48,4.656,13514999808,24076000000,42623000000,17234999296,,3.098,2.027,55.981,0.5459,1.9945,0.00584,0.52911,
CHRS,"Coherus Oncology, Inc.",1.32,207803792,840600,979579,1.34,1.31,1.375,1.32,-0.05,-3.649632,1.37,2026-09-10,,,0.942,154500966,,-1.24,Healthcare,Biotechnology,"Coherus Oncology, Inc., a biopharmaceutical company, researches, develops, and commercializes immunotherapies to treat cancer in the United States. The company develops UDENYCA, a biosimilar to Neulasta, a long-acting granulocyte-colony stimulating factor; LOQTORZI, a novel next-generation programmed death receptor-1 inhibitor; and Casdozokitug, an investigational recombinant human immunoglobulin isotype (IgG1) monoclonal antibody targeting interleukin IL-27. It also develops CHS-114, an investigational human afucosylated IgG1 monoclonal antibody, a chemokine receptor highly expressed on Treg cells in the tumor microenvironment (TME) patients with head and neck squamous cell carcinoma. It has a collaboration agreement with Junshi Biosciences for the co-development and commercialization of toripalimab; agreements with Surface and Adimab LLC; license agreements with Bioeq AG and Genentech, Inc. and Surface and Vaccinex, Inc.; and out-licensing agreement with Novartis Institutes for Biomedical Research, Inc. and GlaxoSmithKline Intellectual Property No. 4 Limited. It also has a clinical collaboration agreement with Zumutor Biologics Inc. for the development of LOQTORZI with ZM0008 as a treatment for cancer patients. The company was formerly known as Coherus BioSciences, Inc. and changed its name to Coherus Oncology, Inc. in May 2025. The company was incorporated in 2010 and is based in Redwood City, California.",NGM,Mr. Dennis M. Lanfear,United States,,false,false,true,https://www.coherus.com,,USD,144,Redwood City,CA,650 649 3530,333 Twin Dolphin Drive,,2026-09-10T12:04:56+00:00,2026-09-09T16:45:31+00:00,Equity,-1.78392,-0.30523,0.68955,-2.2598,-2.59408,0.395,,50936000,-150390000,-160150752,-161146000,16966000,3.413706,-1.067,3.152,54177000,61014000,258343000,105306000,,1.772,1.583,89.051,0,,0.19122,0.37416,0.16
CHSN,Chanson International Holding,1.07,2481423,41700,1052179,1.06,1.04,1.13,1.07,0.01,0.943407,1.06,2026-09-10,,,-4.392,2318379,0.356667,3,Consumer Cyclical,Restaurants,"Chanson International Holding manufactures and sells a range of bakery products, seasonal products, and beverage products for individual and corporate customers in the People's Republic of China, Cayman Islands, and the United States. The company offers packaged bakery products, such as cakes, bread, sweets, and snacks; birthday cakes; cookies; fruit cakes, amber-walnut cookies, multigrain and wholewheat bread, cheesecakes, almond pudding; made-in-store pastries; mooncakes and zongzi products; and eat in menu items, including sandwiches, salads, toasts, croissants, soups, and desserts, as well as beverages products. It provides eat-in services in its stores. The company sells its products through a chain of bakeries, as well as digital platforms and third-party online food ordering platforms. It sells its bakery and other products under the George Chanson, Patisserie Chanson, and Chanson brand names. The company was formerly known as formerly known as RON Holding Limited and changed its name to Chanson International Holding in December 2020. The company was incorporated in 2019 and is headquartered in Urumqi, China. Chanson International Holding is a subsidiary of Danton Global Limited.",NCM,Mr. Gang  Li,China,2023-03-30,false,false,true,https://www.ir.chanson-international.net,,USD,497,Urumqi,,86 99 1230 2709,No. 100 Guangyuan Road,,2026-09-10T12:04:57+00:00,2026-09-09T16:45:32+00:00,Equity,0.00503,-0.01977,0.44984,-0.07965,0.01027,-0.103,-0.958,18268894,-1067735,4028515,187540,,0.00742,-4.696,0.274,13245169,,,8644357,,0.807,0.707,23.563,0,,0.09722,0.00367,0.0565
CHWY,"Chewy, Inc.",20.75,8628615168,21620500,8600269,21.85,20.35,22.43,20.75,-2.52,-10.829396,23.27,2026-09-10,,,1.424,232945978,35.125,0.6,Consumer Cyclical,Internet Retail,"Chewy, Inc., together with its subsidiaries, engages in the e-commerce business in the United States. It offers pet food and treats, pet supplies and pet medications, and other pet-health products, as well as pet services. The company serves its customer through its retail websites and mobile applications, including Autoship subscription program. Chewy, Inc. was founded in 2010 and is based in Plantation, Florida.",NYQ,Mr. Sumit  Singh,United States,,false,false,true,https://www.chewy.com,,USD,18000,Plantation,FL,786 320 7111,7700 West Sunrise Boulevard,,2026-09-10T12:04:58+00:00,2026-09-09T16:45:33+00:00,Equity,0.63816,0.06008,0.29912,0.03828,0.01987,0.077,0.527,12842699776,399300000,463275008,255200000,297900000,20.36232,23.868,0.742,523400000,497900000,3366400000,520100000,,0.784,0.321,123.385,0,0.467,0.02594,0.98167,0.0889
CLF,Cleveland-Cliffs Inc.,12.09,6986262528,9598300,19913380,12.45,12.07,12.56,12.09,-0.2,-1.627338,12.29,2026-09-10,,,2.11,570540047,,-1.57,Basic Materials,Steel,"Cleveland-Cliffs Inc. operates as a steel producer in the United States and Canada. It offers hot-rolled, cold-rolled, and coated products, such as aluminized, electrogalvanized, and galvalume products, as well as galvanneal and hot-dipped galvanized products; stainless and electrical products, including GOES, NOES, and auto chrome; plate products; and slab and other steel products. The company also provides non- steelmaking products comprising stamped components, tool and die, and tubing; and scrap, iron ore, HBI, coal, and coke products. It also provides tubular components, including carbon steel, stainless steel, and electric resistance welded tubing products. In addition, the company is involved in the mining of iron ore; production of pellets and direct reduced iron; and processing of ferrous scrap through primary steelmaking and downstream finishing, stamping, tooling, and tubing. It serves direct automotive, infrastructure and manufacturing, distributors and converters, and steel producers. The company was formerly known as Cliffs Natural Resources Inc. and changed its name to Cleveland-Cliffs Inc. in August 2017. Cleveland-Cliffs Inc. was founded in 1847 and is headquartered in Cleveland, Ohio.",NYQ,Mr. C. Lourenco Goncalves,United States,,false,false,true,https://www.clevelandcliffs.com,,USD,25000,Cleveland,OH,216 694 5700,200 Public Square,,2026-09-10T12:04:59+00:00,2026-09-09T16:45:35+00:00,Equity,-0.13862,-0.01706,-0.01052,0.00344,-0.04564,0.059,,19195000832,515000000,6125000,-866000000,,1.246691,28.891,0.775,7722999808,6116000000,20012000000,70000000,,1.89,0.586,132.743,0,0.43,0.00857,0.84527,0.1435
COHN,Cohen & Company Inc.,11.05,36325912,5700,16696,11.03,11.03,11.25,11.05,-0.12,-1.074305,11.17,2026-09-10,,,1.059,3228970,2.388535,4.71,Financial Services,Capital Markets,"Cohen & Company Inc. is a publicly owned investment manager. The firm primarily provides its services to individuals and institutions. It manages separate client-focused fixed income portfolios. Institutional Financial Markets, Inc. also manages funds and collateralized debt obligations for its clients. It invests in the fixed income and alternative investment markets across the globe. The firm's fixed income investments include U.S. trust preferred securities, European hybrid capital securities, Asian commercial real estate debt, mortgage backed securities, and asset backed securities. The firm was formerly known as Institutional Financial Markets, Inc. Cohen & Company Inc. was founded in 1999 and is based in Philadelphia, Pennsylvania with additional offices in New York City; Boca Raton, Florida; Chicago, Illinois; Bethesda, Maryland; Boston, Massachusetts; Paris, France; and London, United Kingdom.",ASE,Mr. Daniel Gideon Cohen,United States,,false,false,true,https://www.cohenandcompany.com,,USD,129,Philadelphia,PA,215 701 9555,Cira Center,8.95,2026-09-10T12:05:02+00:00,2026-09-09T16:45:38+00:00,Equity,0.45539,0.04756,1,0.16278,0.05752,0.168,0.158,308764000,,,17760000,20213000,0.46965,,-0.159,497985984,51080000,700585000,622528000,,1.065,1.06,455.61,0.2123,,0.20316,0.06459,0.0057
CPRI,Capri Holdings Limited,12.71,1479147776,6045400,3655133,12.99,12.71,13.18,12.71,-0.39,-2.977102,13.1,2026-09-10,,,1.381,114796106,16.519232,0.78,Consumer Cyclical,Luxury Goods,"Capri Holdings Limited engages in the design, marketing, distribution, and retail of branded women's and men's apparel, footwear, and accessories in the United States, Canada, Latin America, Europe, the Middle East, Africa, Asia, and the Oceania. It operates through two segments: Michael Kors and Jimmy Choo. The company offers handbags, small leather goods, jewelry, scarves and belts, and footwear and related accessories through a distribution network, including retail stores, department and specialty stores, and licenses to wholesale customers, as well as e-commerce sites. It also undertakes licensing agreements relating to manufacture and sale of watches, jewelry, eyewear, and fragrances. The company was formerly known as Michael Kors Holdings Limited and changed its name to Capri Holdings Limited in December 2018. Capri Holdings Limited was founded in 1981 and is based in London, the United Kingdom.",NYQ,Mr. John D. Idol,United Kingdom,,false,false,true,https://www.capriholdings.com,,USD,7100,London,,44 207 632 8600,90 Whitfield Street,,2026-09-10T12:05:03+00:00,2026-09-09T16:45:39+00:00,Equity,1.44615,0.01167,0.6271,0.02601,0.0444,-0.035,0.344,3446000128,201000000,192624992,92000000,34000000,10.604938,13.79,0.804,1392000000,80000000,3234000000,114000000,,1.189,0.394,973.427,0,0.1667,0.02645,1.04571,0.084
CRK,"Comstock Resources, Inc.",14.9,4358796800,2326500,2558712,15.16,14.74,15.26,14.9,-0.26,-1.715041,15.16,2026-09-10,,,0.138,293620548,8.339888,1.78,Energy,Oil & Gas E&P,"Comstock Resources, Inc., an independent energy company, engages in the acquisition, exploration, development, and production of natural gas and oil properties in the United States. Its assets covering an area of approximately 1,069,991 acres are located in the Haynesville and Bossier shales located in North Louisiana and East Texas. The company was incorporated in 1919 and is headquartered in Frisco, Texas.",NYQ,Mr. Miles Jay Allison J.D.,United States,,false,false,true,https://www.comstockresources.com,,USD,252,Frisco,TX,972 668 8800,Comstock Tower,,2026-09-10T12:05:04+00:00,2026-09-09T16:45:40+00:00,Equity,0.19018,0.02922,0.56847,0.05971,0.27,-0.252,-0.93,1882471040,985299968,-868676608,504334016,21222000,1.690004,8.282,4.335,3169937920,2646810000,7007062000,45008000,,0.476,0.324,100.201,0,4.64,0.73252,0.31119,0.313
CRVO,CervoMed Inc.,2.51,37722144,130200,5736661,2.53,2.47,2.54,2.51,-0.02,-0.790513,2.53,2026-09-10,,,-4.309,15119096,,-3.21,Healthcare,Biotechnology,"CervoMed Inc., a clinical-stage biotechnology company, engages in the development and commercialization of treatments for age-related neurologic disorders. The company is developing neflamapimod, an orally administered small molecule drug that crosses the bloodbrain barrier and inhibits the enzyme p38a. Neflamapimod has the potential to reverse synaptic dysfunction, improve neuron health, and slow or prevent disease progression. Neflamapimod is currently in clinical development for the treatment of dementia with Lewy bodies, non-fluent variant primary progressive aphasia, amyotrophic lateral sclerosis, and amyotrophic lateral sclerosis. CervoMed Inc. was founded in 2010 and is headquartered in Boston, Massachusetts.",NCM,Dr. John J. Alam M.D.,United States,,false,false,true,https://www.cervomed.com,,USD,15,Boston,MA,617 744 4400,20 Park Plaza,,2026-09-10T12:05:05+00:00,2026-09-09T16:45:41+00:00,Equity,-1.07623,-0.60799,0,-94.06961,0,,,331295,,-16289585,-30349744,1448634,1.470241,,40.185,0,18222901,22879018,24938172,,8.572,8.225,,0,,0.26433,0.22286,0.0787
DB,Deutsche Bank Aktiengesellschaft,40.66,76512886784,1554700,2122403,40.75,40.419998,40.849998,40.66,-0.400002,-0.974188,41.060001,2026-09-10,,,0.996,1879000000,10.659686,3.82,Financial Services,Banks - Regional,"Deutsche Bank Aktiengesellschaft, a stock corporation, provides corporate and investment banking, private clients, and asset management products and services in Germany, the United Kingdom, the rest of Europe, the Americas, the Asia-Pacific, the Middle East, and Africa. It operates through Corporate Bank, Investment Bank, Private Bank, and Asset Management segments. The Corporate Bank segment offers cash management services, such as integrated payments and FX solutions; trade finance and lending offerings, including documentary and guarantee business, and structured trade finance and lending; and depository receipts, corporate trust, document custody, and securities services. The Investment Bank segment provides financing solutions in industries and asset classes; institutional sales, trading, and structuring in foreign exchange, rates, emerging markets, and credit trading; liquidity, market making services, and specialized risk management solutions for fixed income and currencies products; and advisory and financial products and services. This segment is also involved in the mergers and acquisitions business; and capital markets businesses in debt and equity. The Private Bank segment offers a range of payment and account services, and credit and deposit products, as well as investment advice, and postal and parcel services; and planning, managing and investing wealth, financing personal and business interests, and servicing institutional and corporate needs. The Asset Management segment provides access to investment capabilities in active and passive asset classes comprising Xtrackers range and alternatives; and access to private equity, private credit, real estate, and infrastructure. Deutsche Bank Aktiengesellschaft was incorporated in 1870 and is headquartered in Frankfurt am Main, Germany.",NYQ,Mr. Christian  Sewing,Germany,,false,false,true,https://www.db.com,,USD,89742,Frankfurt am Main,,49 6 991 000,Taunusanlage 12,2.83,2026-09-10T12:05:07+00:00,2026-09-09T16:45:43+00:00,Equity,0.08891,0.00489,0,0.334,0.22715,0.087,0.188,30464999424,,,6090999808,,0.835827,,-0.421,544725991424,78641000000,1435067000000,636277030912,,,,,0.3043,1.7095,0.08712,0.5404,0.0024
DEO,Diageo plc,86.099998,47917150208,1590300,1120662,87.25,85.910004,87.510002,86.099998,-1.040001,-1.193483,87.139999,2026-09-10,,,0.322,555900799,27.627342,3.12,Consumer Defensive,Beverages - Wineries & Distilleries,"Diageo plc, together with its subsidiaries, engages in the production, marketing, and distribution of alcoholic beverages in North America, Europe, the Asia Pacific, Latin America and Caribbean, and Africa. It offers beer, scotch, gin, vodka, rum, liqueur, raki, wine, cachaça, tequila, brandy, and Chinese white spirit beverages, as well as Irish, Canadian, Chinese US, and Indian whisky. The company also provides ready-to-drink and non-alcoholic beverages. Its principal brands include Johnnie Walker, Don Julio, Guinness, Crown Royal, Smirnoff, Baileys, Captain Morgan, Buchanan's, Casamigos, Shui Jing Fang, and McDowell's. The company was formerly known as Guinness plc and changed its name to Diageo plc in February 1998. The company was incorporated in 1886 and is headquartered in London, the United Kingdom.",NYQ,Sir David John Lewis,United Kingdom,,false,false,true,https://www.diageo.com,,USD,27972,London,,44 20 7947 9100,16 Great Marlborough Street,2.3,2026-09-10T12:05:08+00:00,2026-09-09T16:45:44+00:00,Equity,0.14985,0.07482,0.59818,0.27039,0.08843,-0.017,,19643000832,6429000192,2568499968,1736999936,,79.45082,139.31,45.595,22196000768,10871000000,46845000000,1780999936,,1.604,0.487,171.345,1.0652,0.5429,0.00143,0.10157,0.0069
DLTR,"Dollar Tree, Inc.",118.389999,22610388992,3823900,2812882,123.07,118.089996,123.089996,118.389999,-5.650002,-4.554983,124.040001,2026-09-10,,,0.662,187630299,14.76777,8.16,Consumer Defensive,Discount Stores,"Dollar Tree, Inc. operates retail discount stores under the Dollar Tree and Dollar Tree Canada brands in the United States and Canada. The company offers consumable merchandise comprising everyday consumables, such as household paper and chemicals, food, candy, health, personal care products, and frozen and refrigerated food; variety merchandise consisting of toys, durable housewares, gifts, stationery, party goods, greeting cards, softlines, arts and crafts supplies, and other items; and seasonal goods, including Christmas, Easter, Halloween, and Valentine's Day merchandise. The company was founded in 1986 and is based in Chesapeake, Virginia.",NMS,Mr. Michael C. Creedon Jr.,United States,,false,false,true,https://www.dollartree.com,,USD,150000,Chesapeake,VA,757 321 5000,500 Volvo Parkway,,2026-09-10T12:05:09+00:00,2026-09-09T16:45:45+00:00,Equity,0.46032,0.08262,0.3718,0.06209,0.08035,0.07,1.972,20068700160,2503800064,1049587520,1618099968,58900000,6.602652,11.936,1.489,7670799872,3754900000,13466200000,1058099968,,1.134,0.32,223.945,0,1.5474,0.00164,1.07688,0.0518
DNTH,"Dianthus Therapeutics, Inc.",107.040001,5984978432,1033900,1026670,108.029999,105.949997,110.239998,107.040001,-2.089996,-1.915144,109.129997,2026-09-10,,,0.063,55934378,,-4.24,Healthcare,Biotechnology,"Dianthus Therapeutics, Inc., a clinical-stage biotechnology company, engages in the development of therapies for patients with severe autoimmune diseases. Its lead clinical-stage candidate, claseprubart, a monoclonal antibody engineered with extended half-life, improved potency, and high selectivity for only the active C1s complement protein; and DNTH212, a bifunctional fusion protein that targets plasmacytoid dendritic cell (pDC) BDCA2 to reduce Type 1 interferon production, while simultaneously inhibiting BAFF/APRIL to suppress B cell function. Dianthus Therapeutics, Inc. was founded in 2019 and is headquartered in New York, New York.",NCM,Mr. Marino  Garcia M.B.A.,United States,,false,false,true,https://dianthustx.com,,USD,92,New York,NY,929 999 4055,7 Times Square,,2026-09-10T12:05:10+00:00,2026-09-09T16:45:46+00:00,Equity,-0.26065,-0.1769,1,-80.79106,0,2.943,,1904000,-217720992,-92210496,-192246000,22793000,5.002805,-23.969,2740.857,1287000,493401000,530922000,886812992,,26.1,25.791,0.11,0,,0.00124,1.28157,0.1727
DRUG,Bright Minds Biosciences Inc.,65.059998,643671168,43200,238996,66.540001,64.737999,67.760002,65.059998,-1.850006,-2.764917,66.910004,2026-09-10,,,-0.109,9812061,,-2.05,Healthcare,Biotechnology,"Bright Minds Biosciences Inc., a biotechnology company, develops therapeutics to improve the lives of patients with severe and life-altering diseases in the United States. Its portfolio includes 5-HT2 Receptors, which are serotonin agonists for epilepsy and neuropsychiatric disorders; and BMB-101, which has completed phase 1 trial for undisclosed seizure disorder and is in phase 2 clinical trials for the developmental and epileptic encephalopathies and absence epilepsies. The company also develops BMB-201 and BMB-202 for the treatment of neuropsychiatric and neurology indications; and BMB-105, a 5-HT2C agonist to treat Prader Willi Syndrome. Bright Minds Biosciences Inc. has a collaboration with Firefly Neuroscience, Inc. to provide an analysis of the electroencephalogram (EEG) data in the Company's BREAKTHROUGH study. The company was founded in 2017 and is headquartered in New York, New York.",NCM,Mr. Ian  McDonald,United States,2021-11-08,false,false,true,https://brightmindsbio.com,,USD,26,New York,NY,647 865 8622,19 Vestry Street,,2026-09-10T12:05:12+00:00,2026-09-09T16:45:48+00:00,Equity,-0.1363,-0.13498,0,0,0,,,,,-18773080,-24508804,3182703,2.908596,,,65589,82044923,84421539,307828512,,121.973,121.441,0.021,0,,0.11941,0.94869,0.1187
DVA,DaVita Inc.,183.009995,11751003136,688800,830598,178.899994,176.820007,185.259995,183.009995,2.949997,1.638341,180.059998,2026-09-10,,,0.83,63800000,15.622137,11.79,Healthcare,Medical Care Facilities,"DaVita Inc. provides kidney dialysis services for patients suffering from chronic kidney failure in the United States. The company operates kidney dialysis centers and provides related lab services in outpatient dialysis centers. It also offers outpatient, hospital inpatient, and home-based hemodialysis dialysis services; operates clinical laboratories that provide routine laboratory tests for dialysis and other physician-prescribed laboratory tests for ESRD patients; and management and administrative services to outpatient dialysis centers. In addition, the company offers integrated care and disease management services to patients in risk-based and other integrated care arrangements; clinical research programs; physician services; and comprehensive kidney care services. Further, it engages in the transplant software business. The company was formerly known as DaVita HealthCare Partners Inc. and changed its name to DaVita Inc. in September 2016. DaVita Inc. was incorporated in 1994 and is headquartered in Denver, Colorado.",NYQ,Mr. Javier J. Rodriguez,United States,,false,false,true,https://www.davita.com,,USD,78000,Denver,CO,720 631 2100,2000 16th Street,,2026-09-10T12:05:12+00:00,2026-09-09T16:45:49+00:00,Equity,0.88475,0.07515,0.32364,0.16061,0.06049,0.052,0.558,14009646080,2826204928,1042460032,822476032,139953000,-15.396221,9.217,1.859,13406474240,-651082000,17480103000,688876992,,1.467,1.333,1241.986,0,0.4406,0.46909,0.48488,0.1233
EADSY,Airbus SE,56.900002,179697729536,373800,443245,56.82,56.689999,57.060001,56.900002,-0.799999,-1.38648,57.700001,2026-09-10,,,0.878,3165921956,26.036695,2.18,Industrials,Aerospace & Defense,"Airbus SE, together with its subsidiaries, engages in the design, manufacture, and delivery of aeronautics and aerospace products, services, and solutions worldwide. It operates through three segments: Airbus, Airbus Helicopters, and Airbus Defence and Space. The Airbus segment develops, manufactures, markets, and sells commercial jet passenger aircraft, freighter aircraft, regional turboprop aircraft, and aircraft components, as well as provides aircraft conversion and related services. The Airbus Helicopters segment develops, manufactures, markets, and sells civil and military helicopters; and provides uncrewed aerial systems and their related services. The Airbus Defence and Space segment designs, develops, delivers, and supports crewed and uncrewed military air systems and related services. This segment also offers civil and defence space systems for telecommunications, earth observations, navigation, and science and orbital systems; and services around data processing from platforms, secure communication, and cyber security. The company was formerly known as Airbus Group SE and changed its name to Airbus SE in April 2017. The company was incorporated in 1998 and is headquartered in Leiden, the Netherlands.",PNK,Mr. Guillaume M. J. D. Faury,Netherlands,,false,false,true,https://www.airbus.com,,USD,168754,Leiden,,,PO Box 32008,1.62,2026-09-10T12:05:13+00:00,2026-09-09T16:45:50+00:00,Equity,0.23193,0.03131,0.16309,0.11357,0.07714,0.277,1.258,76985999360,9004000256,3128750080,5938999808,,5.973141,20.425,2.389,14275999744,26104000000,134939000000,13128999936,,1.146,0.363,54.988,0.4262,1.4478,0,0.0034,
ECVT,Ecovyst Inc.,10.25,1130261248,1068300,1504145,10.22,10.21,10.36,10.25,0.13,1.284586,10.12,2026-09-10,,,1.076,109468398,44.891304,0.23,Basic Materials,Specialty Chemicals,"Ecovyst Inc. offers virgin and regenerated sulfuric acid products and services in the United States and internationally. It offers end-to-end logistics for production of alkylate for refineries mining, water treatment, and industrial applications. The company was formerly known as PQ Group Holdings Inc. and changed its name to Ecovyst Inc. in August 2021. Ecovyst Inc. was founded in 1831 and is headquartered in Wayne, Pennsylvania.",NYQ,Mr. Kurt J. Bitting,United States,,false,false,true,https://www.ecovyst.com,,USD,617,Wayne,PA,484 617 1200,600 Lee Road,,2026-09-10T12:05:14+00:00,2026-09-09T16:45:52+00:00,Equity,0.0404,0.03668,0.21293,0.08823,-0.07056,0.42,0.489,869254016,175756992,125908872,25843000,9746000,1.925587,8.902,1.8,546441984,603440000,1260978000,89670000,,1.701,1.319,93.099,0,,0.01885,1.03116,0.0422
ENVX,Enovix Corporation,3.16,711079040,8384500,6633327,3.41,3.16,3.44,3.16,-0.31,-8.933716,3.47,2026-09-10,,,2.302,219448535,,-0.79,Industrials,Electrical Equipment & Parts,"Enovix Corporation designs, develops, and manufactures lithium-ion battery cells in the United States and internationally. It serves wearables and IoT, smartphone, computing, electrical vehicles, and original equipment manufacturers. The company was founded in 2006 and is headquartered in Fremont, California.",NMS,Mr. Ryan A. Benton,United States,,false,false,true,https://www.enovix.com,,USD,664,Fremont,CA,510 695 2350,3501 West Warren Avenue,,2026-09-10T12:05:15+00:00,2026-09-09T16:45:53+00:00,Equity,-0.81284,-0.17552,0.1883,-4.79787,0,0.208,,35879000,-140911008,-69503624,-170026000,49367000,3.299695,-5.753,22.593,541718016,271214000,878975000,475780992,,9.705,9.19,255.541,0,,0.11718,0.51778,0.2514
EOSE,"Eos Energy Enterprises, Inc.",4.15,1493768704,23996400,26365090,4.18,4.055,4.28,4.15,-0.15,-3.488374,4.3,2026-09-10,,,2.779,361687337,,-6.29,Industrials,Electrical Equipment & Parts,"Eos Energy Enterprises, Inc. designs, develops, manufactures, and markets energy storage solutions for utility-scale, microgrid, and commercial and industrial applications in the United States. The company offers Znyth technology battery energy storage system (BESS), which provides operating flexibility to manage increased grid complexity and price volatility. It also provides the Z3 battery module that provides utilities, independent power producers, renewables developers, and commercial and industrial customers with an alternative to lithium-ion and lead-acid monopolar batteries for critical 3- to 12-hour discharge duration applications; a battery management system, which provides remote asset monitoring capability and service to track the performance and health of BESS and identify future system performance issues through predictive analytics; and project management and commissioning services, as well as long-term maintenance plans. The company also provides Eos Indensity, an energy storage architecture; Eos Cube; and DawnOS, a proprietary U.S.-engineered battery management and analytics platform. Eos Energy Enterprises, Inc. was formerly known as B. Riley Principal Merger Corp. II and changed its name to Eos Energy Enterprises, Inc. in November 2020. The company was founded in 2008 and is headquartered in Pittsburgh, Pennsylvania.",NCM,Mr. Joseph R. Mastrangelo Jr.,United States,,false,false,true,https://www.eose.com,,USD,787,Pittsburgh,PA,732 225 8400,Two Allegheny Center,,2026-09-10T12:05:16+00:00,2026-09-09T16:45:54+00:00,Equity,,-0.30025,-0.84749,-1.21855,-2.46757,3.514,,214248000,-284494016,-324140000,-1024953984,24876000,-1.364838,-9.19,12.203,640825024,-2238862000,885197000,305491008,,3.256,2.336,,0,,0.01434,0.64435,0.3127
EQT,EQT Corporation,54.630001,33674655744,6326200,7240617,55.130001,53.75,55.439999,54.630001,-0.489998,-0.888966,55.119999,2026-09-10,,,0.576,625516000,12.490719,4.31,Energy,Oil & Gas E&P,"EQT Corporation engages in the exploration, production, gathering, and transmission of hydrocarbons and natural gas. The company sells natural gas, natural gas liquids, and oil to marketers, utilities, and industrial customers located in the Appalachian Basin. It also provides marketing services and contractual pipeline capacity management services, as well as engages in risk management and hedging activities. In addition, it owns and operates propane storage and distribution terminals. The company was formerly known as Equitable Resources Inc. and changed its name to EQT Corporation in February 2009. EQT Corporation was founded in 1888 and is headquartered in Canonsburg, Pennsylvania.",NYQ,Mr. Toby Z. Rice,United States,,false,false,true,https://www.eqt.com,,USD,1523,Canonsburg,PA,(412) 553-5700,2200 Energy Drive,1.2,2026-09-10T12:05:17+00:00,2026-09-09T16:45:56+00:00,Equity,0.11078,0.06629,0.80748,0.23373,0.29176,-0.039,-0.74,9293919232,6995361792,2460903936,2711614976,60781000,1.333176,6.236,4.694,5655713792,23752677000,41792874000,112863000,,0.673,0.542,19.595,0.1514,1.8056,0.00902,0.95854,0.0351
ET,Energy Transfer LP,21.68,74237534208,8052200,8687104,21.58,21.49,21.719999,21.68,0.17,0.79033,21.51,2026-09-10,,,0.566,3443299601,14.767122,1.46,Energy,Oil & Gas Midstream,"Energy Transfer LP, together with its subsidiaries, provides energy-related services in the United States. It operates through Intrastate Transportation and Storage; Interstate Transportation and Storage; Midstream; Natural Gas Liquid (NGL) and Refined Products Transportation and Services; Crude Oil Transportation and Services; Investment in Sunoco LP; Investment in USA Compression Partners, LP (USAC); and All Other segments. The company owns and operates natural gas transportation pipelines and storage facilities; and approximately 12,200 miles of intrastate natural gas transportation pipelines and 20,090 miles of interstate natural gas pipelines. It also sells natural gas to electric utilities, independent power plants, local distribution and other marketing companies, and industrial end-users. In addition, the company owns and operates natural gas gathering pipelines, processing plants, and treating and conditioning facilities; and natural gas gathering, compression, treating, dehydration and processing, oil pipeline facilities. Further, it owns 5,700 miles of NGL pipelines; NGL fractionation and storage facilities; and other NGL storage assets and terminals. Additionally, the company provides crude oil transportation, terminalling, trucking, acquisition, and marketing activities; owns and operates approximately 18,000 miles of crude oil trunk and gathering pipelines; and sells and distributes motor fuels and other petroleum products under the Sunoco and EcoMaxx brands. It also offers natural gas compression; wholesale power trading; and carbon dioxide and hydrogen sulfide removal services, as well as management of coal and natural resources properties; sells standing timber; leases coal-related infrastructure facilities; and collects oil and gas royalties. The company was formerly known as Energy Transfer Equity, L.P. and changed its name to Energy Transfer LP in October 2018. Energy Transfer LP was founded in 1996 and is headquartered in Dallas, Texas.",NYQ,Mr. Marshall S. McCrea III,United States,,false,false,true,https://energytransfer.com,,USD,22311,Dallas,TX,214 981 0700,8111 Westchester Drive,6.32,2026-09-10T12:05:18+00:00,2026-09-09T16:45:57+00:00,Equity,0.14562,0.05061,0.17509,0.1041,0.04921,0.784,0.853,107378999296,17150999552,3159124992,5048000000,148000000,2.321775,9.451,1.509,70241001472,0,141286000000,1020000000,,1.164,0.911,138.33,0.9144,0.6617,0.1029,0.32515,0.0093
EXE,Expand Energy Corporation,96.620003,22286868480,2059500,3440182,98.330002,96.129997,98.5,96.620003,-1.57,-1.59894,98.190002,2026-09-10,,,0.323,231503789,8.299137,11.6,Energy,Oil & Gas E&P,"Expand Energy Corporation operates as an independent natural gas production company in the United States. The company engages in acquisition, exploration, and development of properties to produce oil, natural gas, and natural gas liquids. It holds interests in the Marcellus Shale in the northern Appalachian Basin in Pennsylvania; the Marcellus and Utica Shales in Ohio and West Virginia; and the Haynesville and Bossier Shales in Louisiana and Texas. Expand Energy Corporation was formerly known as Chesapeake Energy Corporation and changed its name to Expand Energy Corporation in October 2024. The company was founded in 1989 and is based in Spring, Texas.",NMS,Mr. Michael A. Wichterich,United States,,false,false,true,https://www.expandenergy.com,,USD,1600,Spring,TX,(346) 535-0990,10000 Energy Drive,2.34,2026-09-10T12:05:19+00:00,2026-09-09T16:45:58+00:00,Equity,0.14893,0.08486,0.47069,0.26324,0.2197,-0.106,-0.455,12657999872,6720999936,1466249984,2780999936,46000000,1.16233,3.838,2.038,3728000000,18578000000,28287000000,663000000,,0.959,0.594,19.207,0.275,0.9316,0.0036,0.96385,0.0364
EXPE,"Expedia Group, Inc.",272.600006,32764825600,2693100,1612298,266.399994,261.429993,274.369995,272.600006,-1.949982,-0.710247,274.549988,2026-09-10,,,1.25,114498625,17.179987,15.89,Consumer Cyclical,Travel Services,"Expedia Group, Inc. operates as an online travel company in the United States and internationally. The company operates through B2C, B2B, and trivago segments. The B2C segment includes Brand Expedia, a full-service online travel brand offers various travel products and services; Hotels.com for lodging accommodations; Vrbo, an online marketplace for the alternative accommodations; and Orbitz, Travelocity, ebookers, and Wotif Group. The B2B segment provides various travel and non-travel companies including airlines, offline travel agents, online retailers, corporate travel management, and financial institutions who leverage its travel technology and tap into its diverse supply to augment their offerings and market Expedia Group rates and availabilities to its travelers. The trivago segment sends referrals to online travel companies and travel service providers from hotel metasearch websites. In addition, it provides brand advertising through online and offline channels, loyalty programs, mobile apps, and search engine marketing, as well as metasearch, social media, direct and personalized traveler communications on its websites, and through direct e-mail communication with its travelers. The company was formerly known as Expedia, Inc. and changed its name to Expedia Group, Inc. in March 2018. Expedia Group, Inc. was founded in 1996 and is headquartered in Seattle, Washington.",NMS,Mr. Barry  Diller,United States,,false,false,true,https://www.expediagroup.com,,USD,16000,Seattle,WA,206 481 7200,1111 Expedia Group Way West,0.7,2026-09-10T12:05:20+00:00,2026-09-09T16:45:59+00:00,Equity,0.89489,0.06108,0.90433,0.1898,0.12968,0.14,1.887,15699999744,2889999872,3434374912,2036000000,398000000,27.095781,11.341,2.088,5689999872,1284000000,24452000000,7127000064,,0.801,0.637,230.271,0.1107,0.7206,0.00608,1.08829,0.0598
FAMI,"Farmmi, Inc.",0.13,4866933,153298200,19633095,0.12,0.12,0.16,0.13,0.01,8.333332,0.12,2026-09-10,,,1.918,37434077,,-32.13,Consumer Defensive,Packaged Foods,"Farmmi, Inc., through its subsidiaries, engages in processing and sale of agricultural products in China, the United States, Japan, Canada, Europe, Korea, and the Middle East. It provides Shiitake mushrooms, Mu Er mushrooms, and other edible fungi, such as bamboo fungi, agrocybe aegerila, pleurotus eryngii, grifola frondose, coprinus comatus, and hericium erinaceus, as well as dried edible fungi. The company also trades in cotton, corn, tapioca, cornstarch, and other agricultural products. In addition, it offers warehouse, logistics, and delivery services. The company offers its products under the Farmmi Liangpin, Forasen, Farmmi, and Puyangtang brands. It provides its products through local distributors to processing manufacturers, supermarkets, restaurants, cafeterias, and local specialty stores. The company was founded in 1994 and is headquartered in Lishui, China.",NCM,Ms. Yefang  Zhang,China,,false,false,true,https://farmmi.com,,USD,15,Lishui,,86 578 8261 2876,"Fl 1, Building No. 1",,2026-09-10T12:05:21+00:00,2026-09-09T16:46:00+00:00,Equity,-0.7061,-0.28258,-0.0605,-4.92326,0,-0.604,,18221764,-77912736,-57265632,-90164912,,0.019632,-0.222,0.95,16685348,124117884,147033182,249252,,5.644,2.681,18.387,0,,0.12337,0.09013,0.0321
FMCC,Federal Home Loan Mortgage Corporation,5.25,3412812800,1562700,1739511,5.49,5.16,5.51,5.25,-0.24,-4.371581,5.49,2026-09-10,,,1.734,650059553,Infinity,0,Financial Services,Mortgage Finance,"Federal Home Loan Mortgage Corporation operates in the secondary mortgage market in the United States. The company operates through two segments: Single-Family and Multifamily. The Single-Family segment purchases, securitizes, and guarantees single-family loans; and manages single-family mortgage credit and market risk, as well as manages mortgage-related investments portfolio, single-family securitization activities, and treasury functions. This segment also serves mortgage banking companies, commercial banks, regional banks, community banks, credit unions, HFAs, savings institutions, and non-depository institutions. The Multifamily segment engages in the purchase, securitization, and guarantee of multifamily loans; issuance of multifamily K certificates; manages multifamily mortgage credit and market risk; and invests in multifamily loans and mortgage-related securities. It also serves banks and other depository institutions, insurance companies, money managers, central banks, pension funds, state and local governments, REITs, non-depository institutions, and brokers and dealers. Federal Home Loan Mortgage Corporation was incorporated in 1970 and is headquartered in McLean, Virginia.",OQB,Mr. Kenny M. Smith,United States,,false,false,true,https://www.freddiemac.com,,USD,7334,McLean,VA,703 903 2000,8200 Jones Branch Drive,,2026-09-10T12:05:22+00:00,2026-09-09T16:46:01+00:00,Equity,0.1816,0.00372,1,0.6948,0.52626,0.339,,24600000512,,,-12000000,,-1.88172,,137.944,3419265040384,70384000000,3497598000000,130275000320,,116.955,116.565,4396.694,0,1.98,0,0.08699,
FND,"Floor & Decor Holdings, Inc.",47.580002,5004495872,2423400,2501198,47.029999,46.52,47.799999,47.580002,-0.339996,-0.709508,47.919998,2026-09-10,,,1.553,106489965,21.96028,2.14,Consumer Cyclical,Home Improvement Retail,"Floor & Decor Holdings, Inc., together with its subsidiaries, operates as a multi-channel specialty retailer of hard surface flooring and related accessories, and commercial surfaces seller in the United States. The company offers wood-based laminate flooring, vinyl, and engineered/composite rigid core vinyl; porcelain and ceramic tile, porcelain mosaics and tile slabs; grout, mortar, backer board, tools, adhesives, underlayments, moldings, and stair treads; and decorative tiles and mosaics, such as natural stone, porcelain, ceramic, glass, wall tile, and decorative trims. The company also provides solid prefinished and unfinished hardwood, engineered hardwood, bamboo, and wood countertops; marble, limestone, travertine, slate, ledger; and vanities, shower doors, bath accessories, faucets, sinks, custom countertops, bathroom mirrors, bathroom lighting, and kitchen cabinets. It sells products through its warehouse-format stores and five small-format design studios, as well as through Website, FloorandDecor.com. The company serves professional installers, commercial businesses, and homeowners. The company was formerly known as FDO Holdings, Inc. and changed its name to Floor & Decor Holdings, Inc. in April 2017. Floor & Decor Holdings, Inc. was founded in 2000 and is headquartered in Atlanta, Georgia.",NYQ,Mr. Thomas V. Taylor Jr.,United States,,false,false,true,https://www.flooranddecor.com,,USD,10469,Atlanta,GA,404 471 1634,2500 Windy Ridge Parkway SE,,2026-09-10T12:05:23+00:00,2026-09-09T16:46:02+00:00,Equity,0.09694,0.02742,0.44976,0.05438,0.04927,0.03,0.534,4711746048,490104992,140193248,232170000,29505000,2.012548,13.865,1.442,2012793984,2408836000,5469358000,320614016,,1.333,0.412,80.645,0,,0.01339,1.21396,0.1361
FNMA,Federal National Mortgage Association,5.91,6867459072,2305300,3288109,6.08,5.82,6.08,5.91,-0.17,-2.796054,6.08,2026-09-10,,,1.702,1158087567,148.25,0.04,Financial Services,Mortgage Finance,"Federal National Mortgage Association provides financing solutions for residential mortgages in the United States. The company operates in two segments, Single-Family and Multifamily. It offers mortgage acquisitions and securitizations; and credit risk and loss management services. The company also engages in mortgage securitization transactions, including lender swap, portfolio securitization, and structured securitization transactions; and credit risk and loss management services. Federal National Mortgage Association was incorporated in 1938 and is based in Washington, District Of Columbia.",OQB,Mr. Peter Andrew Akwaboah,United States,,false,false,true,https://www.fanniemae.com,,USD,7000,Washington,DC,800 232 6643,Midtown Center,,2026-09-10T12:05:24+00:00,2026-09-09T16:46:04+00:00,Equity,0.13834,0.00348,1,0.75801,0.54271,0.091,,27800999936,,,227000000,,-1.449878,,153.492,4188257910784,109012000000,4317538000000,95882002432,,106.458,105.477,3595.164,0,,0,0.21201,
FNV,Franco-Nevada Corporation,265.429993,51457769472,2142300,846204,269.089996,264.290009,271.75,265.429993,1.119995,0.423743,264.309998,2026-09-10,,,0.958,192873810,34.920815,7.64,Basic Materials,Gold,"Franco-Nevada Corporation operates as a royalty and stream company focused on precious metals in South America, Central America, Mexico, the United States, Canada, Australia, Europe, and Africa. The company operates through Precious Metals, Other Mining and Energy segments. It also manages its portfolio with a focus on precious metals, such as gold, silver, and platinum group metals; and engages in the sale of crude oil, natural gas, and natural gas liquids through a third-party marketing agent. Franco-Nevada Corporation was founded in 1986 and is headquartered in Toronto, Canada.",NYQ,Mr. Paul  Brink,Canada,,false,false,true,https://www.franco-nevada.com,,USD,,Toronto,ON,416 306 6300,199 Bay Street,0.67,2026-09-10T12:05:25+00:00,2026-09-09T16:46:05+00:00,Equity,0.19913,0.13735,0.9209,0.76978,0.6423,0.582,0.43,2300800000,2087299968,470275008,1477799936,6300000,6.244324,23.937,21.716,0,7635300000,8241400000,1014200000,,9.378,8.595,,0.2144,,0.00616,0.82593,
FOSL,"Fossil Group, Inc.",4.86,296281664,592200,928143,5.05,4.85,5.1,4.86,-0.25,-4.892368,5.11,2026-09-10,,,1.622,59138052,,-1.27,Consumer Cyclical,Footwear & Accessories,"Fossil Group, Inc., together with its subsidiaries, designs, develops, markets, and distributes consumer fashion accessories in the United States, Europe, Asia, and internationally. The company's products include traditional watches, smartwatches, jewelry, handbags, small leather goods, belts, and sunglasses. It also manufactures and distributes private label brands. The company offers its products under its proprietary brands, such as FOSSIL, SKAGEN, MICHELE, RELIC, and ZODIAC; and under the licensed brands, including ARMANI EXCHANGE, DIESEL, EMPORIO ARMANI, KATE SPADE NEW YORK, MICHAEL KORS, SKECHERS, and TORY BURCH. It sells its products through company-owned retail and outlet stores, department and specialty retail stores, mass market stores, e-commerce sites, licensed and franchised FOSSIL retail stores, retail concessions, and airlines, as well as operate stores under the WATCH STATION and WSI brands. The company was formerly known as Fossil, Inc. and changed its name to Fossil Group, Inc. in May 2013. Fossil Group, Inc. was founded in 1984 and is headquartered in Richardson, Texas.",NMS,Mr. Franco  Fogliato,United States,,false,false,true,https://www.fossilgroup.com,,USD,4500,Richardson,TX,972 234 2525,901 South Central Expressway,,2026-09-10T12:05:25+00:00,2026-09-09T16:46:06+00:00,Equity,-0.66528,0.01803,0.56734,0.03492,-0.07092,-0.049,,985174016,31010000,24712624,-69867000,2317000,3.154912,17.302,0.545,341943008,102835000,689254000,78950000,,1.762,0.765,462.123,0,1.23,0.0417,0.6992,0.1214
FOUR,"Shift4 Payments, Inc.",41.130001,3384230912,2071500,1712000,42,40.799999,42.965,41.130001,-1.16,-2.742965,42.290001,2026-09-10,,,1.377,78960120,66.96875,0.64,Technology,Software - Infrastructure,"Shift4 Payments, Inc. engages in the provision of software and payment processing solutions in the United States and internationally. The company offers a payments platform, which provides omnichannel card acceptance; and processing solutions across multiple payment types, including credit, debit, contactless card, Europay, MasterCard and Visa, QR Pay, and mobile wallets, as well as alternative payment methods, such as Apple Pay, Google Pay, Alipay, and WeChat Pay. It also provides technology solutions, such as SkyTab POS, which provides purpose-built POS workstations; SkyTab Mobile, which provides pay-at-the-table, order-at-the-table, delivery, customer feedback, and email marketing solutions; SkyTab Venue, which provides mobile ordering, countertop POS, self-service kiosk, and digital wallet solutions; Lighthouse, a cloud-based suite of business intelligence tools that includes customer engagement, social media management, online reputation management, scheduling and product pricing, extensive reporting, and analytics; The Giving Block, a cryptocurrency donation marketplace; Shift4Shop, an e-commerce platform that creates a web store and tools to manage product catalog, order fulfillment and inventory management, search engine optimization, and secure hosting; and Marketplace, which enables integrations into third-party applications, as well as loyalty and inventory management. In addition, the company offers merchant operations and support services, including underwriting, onboarding, and activation; training; risk management; and support services. Further, it provides software partner operations and support services, including software integrations and compliance management; partner support; and partner services. The company distributes its products through independent software vendors, internal sales and support networks, enterprises, and value-added resellers. Shift4 Payments, Inc. was founded in 1999 and is headquartered in Center Valley, Pennsylvania.",NYQ,Mr. David Taylor Lauber,United States,2020-06-05,false,false,true,https://www.shift4.com,,USD,6300,Center Valley,PA,888 276 2108,3501 Corporate Parkway,,2026-09-10T12:05:26+00:00,2026-09-09T16:46:07+00:00,Equity,0.0649,0.0329,0.35905,0.0749,0.02196,0.341,-0.754,4782000128,909000000,353524992,45000000,82000000,5.521061,9.547,1.815,4567000064,1442000000,8713000000,356000000,,1.211,0.681,262.321,0,0.3064,0.30511,0.92055,0.1808
FRO,Frontline plc,47.209999,10463276032,2016600,2600161,46.950001,46.360001,47.669998,47.209999,0.59,1.265552,46.619999,2026-09-10,,,0.063,222622889,7.046477,6.67,Energy,Oil & Gas Midstream,"Frontline plc, a shipping company, engages in the ownership and operation of oil and product tankers worldwide. The company owns and operates oil and product tankers, such as very large crude carriers (VLCCs), Suezmax tankers, and LR2/Aframax tankers. As of December 31, 2025, it operated a fleet of 80 vessels, including 41 VLCCs, 21 Suezmax tankers, and 18 LR2/Aframax tankers. The company is also involved in the charter, purchase, and sale of vessels. Frontline plc was founded in 1985 and is based in Limassol, Cyprus.",NYQ,Mr. Lars H. Barstad,Cyprus,,false,false,true,https://www.frontlineplc.cy,,USD,85,Limassol,,357 2 5588767,Iris House,11.54,2026-09-10T12:05:27+00:00,2026-09-09T16:46:08+00:00,Equity,0.53851,0.13987,0.63033,0.63195,0.54759,0.965,7.501,2714702080,1623229952,262339008,1486542976,5560000,3.68252,7.695,4.601,2434842112,2511350000,5753627000,322307008,,1.87,0.66,77.182,0.4693,5.58,0.35787,0.39585,0.0653
FTDR,"Frontdoor, Inc.",80.419998,5497686528,449800,579585,79.980003,79.059998,80.470001,80.419998,-0.620003,-0.765058,81.040001,2026-09-10,,,1.506,68893316,21.05541,3.79,Consumer Cyclical,Personal Services,"Frontdoor, Inc. provides home warranties and new home builder warranties in the United States. The company offers customizable home warranties that help customers to protect and maintain their homes from costly and unplanned breakdowns of essential home systems and appliances. Its home warranty customers subscribe to an annual service plan agreement that covers the repair or replacement of principal components of home systems and appliances, including electrical, plumbing, water heaters, refrigerators, dishwashers, and ranges/ovens/cooktops, as well as pools, spas, and pumps; and heating, ventilation, and air conditioning systems. It also offers non-warranty home services through website and application; a one-stop app experience for home repair and maintenance using video chat, augmented reality, and computer vision and machining learning. The company operates under the American Home Shield, HSA, OneGuard, Landmark, and 2-10 HBW brand names. Frontdoor, Inc. was founded in 1971 and is headquartered in Memphis, Tennessee.",NMS,Mr. William C. Cobb,United States,,false,false,true,https://www.frontdoorhome.com,,USD,2034,Memphis,TN,901 701 5000,3400 Players Club Parkway,,2026-09-10T12:05:28+00:00,2026-09-09T16:46:09+00:00,Equity,1.01859,0.12362,0.55545,0.28217,0.12768,0.045,0.189,2146000000,516000000,333624992,274000000,34000000,19.468164,11.899,2.861,1184000000,242000000,2142000000,627000000,,1.591,1.487,416.901,0,2.38,0.00729,1.10524,0.0653
FXI,iShares China Large-Cap ETF,34.549999,,23325700,21534377,34.91,34.540001,34.919998,34.549999,-0.450001,-1.285716,35,2026-09-10,,,,,9.18222,,,,The fund generally will invest at least 80% of its assets in the component securities of its underlying index and in investments that have economic characteristics that are substantially identical to the component securities of its underlying index. The index designed to measure the performance of the largest companies in the Chinese equity market that trade on the Stock Exchange of Hong Kong and are available to international investors. The fund is non-diversified.,PCX,,,,true,false,true,,,USD,,,,415-670-2000,,1.92,2026-09-10T12:05:30+00:00,2026-09-09T16:46:10+00:00,Equity,,,,,,,,,,,,,,,,,,4230866944,,0.73,,,,,,,,
GNK,Genco Shipping & Trading Limited,27.139999,1185337728,642000,462300,26.969999,26.67,27.280001,27.139999,0.33,1.230884,26.809999,2026-09-10,,,0.895,43586605,29.884615,0.91,Industrials,Marine Shipping,"Genco Shipping & Trading Limited, together with its subsidiaries, engages in the ocean transportation of drybulk cargoes worldwide. It operates through two segments: major bulk and minor bulk fleet. The company owns and operates dry bulk vessels to transports iron ore, grains, coal, steel products, and other drybulk cargoes. It charters its vessels primarily to trading houses, including commodities traders; producers; and government-owned entities. Genco Shipping & Trading Limited was incorporated in 2004 and is headquartered in New York, New York.",NYQ,Mr. John C. Wobensmith C.F.A.,United States,,false,false,true,https://www.gencoshipping.com,,USD,1056,New York,NY,646 443 8550,299 Park Avenue,6.71,2026-09-10T12:05:31+00:00,2026-09-09T16:46:11+00:00,Equity,0.0455,0.03864,0.43857,0.24968,0.09148,0.685,,440688992,131529000,-122388872,40316000,7046000,1.334004,10.81,3.226,325200992,896484000,1138108000,73587000,,2.971,2.186,36.529,1.2637,,0.19986,0.56785,0.0239
GOGO,Gogo Inc.,2.6,356385664,1537200,2089067,2.71,2.59,2.755,2.6,-0.15,-5.454549,2.75,2026-09-10,,,1.034,135507862,,-0.01,Communication Services,Telecom Services,"Gogo Inc., together with its subsidiaries, provides broadband connectivity services to the aviation industry in the United States and internationally. The company's product platform includes networks, antennas, and airborne equipment and software. The company offers in-flight systems; in-flight services; aviation partner support; and engineering, design, and development services, as well as production operations functions. It offers voice and data, in-flight entertainment, and other services. In addition, the company's infrastructure includes networks, towers, cyber security software and data centers to support in-flight connectivity services, as well as in the provision of telecommunications services. The company sells its products primarily to aircraft operators and original equipment manufacturers of business aviation aircraft through a distribution network of independent dealers. Gogo Inc. was founded in 1991 and is headquartered in Broomfield, Colorado.",NMS,Mr. Christopher J. Moore,United States,,false,false,true,https://www.gogoair.com,,USD,680,Broomfield,CO,303 301 3271,105 Edgeview Drive,,2026-09-10T12:05:32+00:00,2026-09-09T16:46:12+00:00,Equity,-0.00761,0.05599,0.41604,0.14148,-0.00094,-0.014,,903276032,175476000,-41108248,-850000,24072000,2.95174,6.764,1.314,880694016,101129000,1303772000,66347000,,1.733,0.979,729.673,0,,0.24883,0.70021,0.1616
GOLD,"Gold.com, Inc.",49.330002,1436844544,1018700,474938,48,47.889999,50.09,49.330002,1.860001,3.918265,47.470001,2026-09-10,,,0.623,29121293,16.337748,3.02,Financial Services,Capital Markets,"Gold.com, Inc., together with its subsidiaries, operates as a precious metals company. It operates through three segments: Wholesale Sales & Ancillary Services, Direct-to-Consumer, and Secured Lending. The Wholesale Sales & Ancillary Services segment sells gold, silver, platinum, and palladium in the form of bars, plates, powders, wafers, grains, ingots, and coins. This segment also offers complementary services, such as receiving, handling, inventorying, processing, packing, and shipping of precious metals and custom coins on a secure basis; and designs and produces minted silver products. The Direct-to-Consumer segment provides access to gold, silver, copper, platinum, and palladium products primarily through its websites; rarities and numismatic collections; and numismatic and bullion products. It operates various websites targeting specific niches within the precious metals retail market. This segment also operates as a direct retailer of precious metals to the investor community and markets its precious metal products on television, radio, and the internet, as well as through customer service outreach. The Secured Lending segment originates and acquires commercial loans secured by bullion, numismatic coins, and graded sports cards. The company serves customers, including financial institutions, bullion retailers, industrial manufacturers and fabricators, sovereign mints, refiners, coin and metal dealers, investors, collectors, and e-commerce and other retail customers. It operates in the United States, Europe, Canada, Asia Pacific, Africa, Australia, and South America. The company was formerly known as A-Mark Precious Metals, Inc. and changed its name to Gold.com, Inc. in December 2025. The company was founded in 1965 and is headquartered in Costa Mesa, California.",NYQ,Mr. Gregory N. Roberts,United States,,false,false,true,https://www.gold.com,,USD,,Costa Mesa,CA,844 455-4653,1550 Scenic Ave,1.69,2026-09-10T12:05:33+00:00,2026-09-09T16:46:14+00:00,Equity,0.108,0.0281,0.01776,0.00444,0.00323,0.992,0.006,25513408512,177562000,420866496,82341000,1594000,1.640783,9.78,0.068,869516032,649516000,2215431000,577976000,,1.145,0.283,92.663,0.2649,,0.32367,0.60757,0.1486
GOOS,Canada Goose Holdings Inc.,7.59,749545216,953600,695695,7.7,7.59,7.76,7.59,-0.16,-2.064514,7.75,2026-09-10,,,1.742,46656533,17.848837,0.43,Consumer Cyclical,Apparel Manufacturing,"Canada Goose Holdings Inc., together with its subsidiaries, designs, manufactures, and sells performance luxury outerwear, apparel, footwear, and accessories for men, women, youth, children, and babies. It operates through three segments: Direct-to-Consumer, Wholesale, and Other. The company offers leisure wear, including knitwear, sweats, and t-shirts; outerwear products, including rain and everyday collections, jackets for everyday occasions, fleece, and vests; footwear and accessories products, such as sneakers, boots, hats, scarves, gloves, hood trims, socks, bags and eyewear; and lightweight and heavyweight down jackets for the fall, winter, and spring seasons. It sells its products through e-commerce channels and directly operated retail stores. The company offers its products under Canada Goose, Snow Goose, and Baffin brands in Canada, the United States, North America, Greater China, rest of the Asia Pacific, Europe, the Middle East, and Africa. Canada Goose Holdings Inc. was founded in 1957 and is headquartered in Toronto, Canada.",NYQ,Mr. Daniel  Reiss C.M.,Canada,,false,false,true,https://www.canadagoose.com,,USD,,Toronto,ON,416 780 9850,100 Queens Quay East,,2026-09-10T12:05:34+00:00,2026-09-09T16:46:14+00:00,Equity,0.12183,0.07901,0.69739,-0.873,0.03696,0.103,,1539299968,247400000,142312496,56900000,23500000,1.967715,5.662,0.91,833400000,608400000,1753200000,206900000,,2.33,0.87,153.396,0,,0.16162,0.55139,0.1066
GRNY,Fundstrat Granny Shots US Large Cap ETF,27.889999,,1000100,1441937,28.200001,27.865,28.205,27.889999,-0.300001,-1.064211,28.190001,2026-09-10,,,,,28.504057,,,,"The fund, an actively-managed exchange-traded fund (“ETF”), seeks to achieve its investment objective by investing in U.S. large capitalization equity securities. Under normal market circumstances, the fund will invest at least 80% of its net assets (including any borrowings for investment purposes) in large-cap U.S. companies. The fund's managers consider large-cap U.S. companies to be those companies with a market capitalization of greater than $10 billion or more.",PCX,,,,true,false,true,,,USD,,,,(469) 442-8424,,0.07,2026-09-10T12:05:35+00:00,2026-09-09T16:46:16+00:00,Equity,,,,,,,,,,,,,,,,,,4488453632,,0.75,,,,,,,,
GRPN,"Groupon, Inc.",18.299999,735228544,1043500,1466845,18.809999,18.01,18.809999,18.299999,-0.650002,-3.430087,18.950001,2026-09-10,,,0.236,40665296,,-3.13,Communication Services,Internet Content & Information,"Groupon, Inc. operates a marketplace that connects consumers to merchants by offering goods and services at a discount in North America and international. It provides deals in various categories, including beauty and wellness, food and drink, home and automotive services, and online services, as well as various types of experiences and services; and discounted and market rates for hotels, airfare, and package deals, as well as deals on various product lines, such as electronics, sporting goods, jewelry, toys, household items, and apparel. The company offers its deal offerings to customers through websites; search engines; applications and mobile websites, which enable consumers to browse, purchase, manage, and redeem deals on their mobile devices; emails and push notifications; affiliate channels; social and display advertising; and offline marketing. Groupon, Inc. was incorporated in 2008 and is headquartered in Chicago, Illinois.",NMS,Mr. Dusan  Senkypl,United States,,false,false,true,https://www.groupon.com,,USD,1734,Chicago,IL,773 945 6801,35 West Wacker Drive,,2026-09-10T12:05:36+00:00,2026-09-09T16:46:17+00:00,Equity,,0.00773,0.90722,0.0196,-0.25262,-0.008,,497408000,8128000,58222376,-125463000,37774000,-10.157304,105.41,1.722,312304992,-42562000,670406000,226250000,,0.789,0.671,,0,14.66,0.18959,0.93599,0.5071
GSL,"Global Ship Lease, Inc.",45.02,,277700,314051,44.709999,44.279999,45.119999,45.02,0.310001,0.69336,44.709999,2026-09-10,,,0.851,,4.370732,10.25,Industrials,Marine Shipping,"Global Ship Lease, Inc., together with its subsidiaries, engages in owning and chartering out containerships under fixed-rate charters to container liner companies worldwide. As of March 12, 2026, it owned 71 mid-sized and smaller containerships, ranging from 2,207 to 11,040 (TEU), with an aggregate capacity of 423,003 TEU. Global Ship Lease, Inc. was founded in 2007 and is based in Athens, Greece.",NYQ,Mr. Georgios Giouroukos Youroukos,Greece,,false,false,true,https://www.globalshiplease.com,,USD,7,Athens,,30 210 62 33 670,9 Irodou Attikou Street,5.59,2026-09-10T12:05:37+00:00,2026-09-09T16:46:18+00:00,Equity,0.21346,0.08404,0.68027,0.48822,0.50361,0.02,-0.053,760760000,458039008,129334872,373592992,13964000,0.829292,3.844,2.315,671763968,1801084000,2861203000,522003008,,2.127,1.827,34.508,0.2341,0.87,0.11001,0.47717,0.0197
HAIN,"The Hain Celestial Group, Inc.",0.64,59937336,571300,1026293,0.67,0.64,0.69,0.64,-0.04,-5.882356,0.68,2026-09-10,,,0.803,90253483,,-5.7,Consumer Defensive,Packaged Foods,"The Hain Celestial Group, Inc. manufactures, markets, and sells organic and natural products in the United States, United Kingdom, Europe, and internationally. The company offers infant formula; infant and toddler formula, infant cereals, baby food pouches, snacks and frozen toddler and kids' foods; plant-based beverages such as soy, rice, oat, cashew and spelt; and condiments, as well as meat-free dishes and meals. It also provides cooking and culinary oils, vinegars, and condiments; nutritional oils and supplements; broth and soups; yogurts; desserts and creamers; and nut butters. In addition, the company offers hot-eating desserts, refrigerated and frozen meat alternative snacks and meals, vegetables and lentils, jams, fruit spreads, jellies, honey, natural sweeteners, syrups, dessert sauces, and marmalade products, as well as other food products. Further, it provides snack products comprising potato, root vegetable and other exotic vegetable chip, straw, tortilla chip; and personal care products that include hand, skin, hair, and sun care, oral care products, as well as deodorant, baby food, sunscreen, and other products under the Alba Botanica, Avalon Organics, Earth's Best, JASON, Live Clean, and Queen Helene brand name. Additionally, the company offers herbal, green, black, wellness, rooibos, and chai tea under the Celestial Seasonings brand. It sells pantry products under the Spectrum, Spectrum Essentials, MaraNatha, Imagine broth, Hain Pure Foods, and Health Valley brands. It sells its products through specialty and natural food distributors, supermarkets, natural food stores, mass-market and e-commerce retailers, food service channels and clubs, and drug and convenience stores. The company was incorporated in 1993 and is headquartered in Hoboken, New Jersey.",NMS,Ms. Alison E. Lewis,United States,,false,false,true,https://www.hain.com,,USD,2600,Hoboken,NJ,516-587-5000,221 River Street,,2026-09-10T12:05:38+00:00,2026-09-09T16:46:19+00:00,Equity,-1.13037,0.01385,0.20173,0.02579,-0.35467,-0.133,,1453708032,83717000,122927000,-515588992,8149000,0.280329,7.3,0.42,595798976,475005000,1603278000,46152000,,0.522,0.222,276.414,0,1.22,0.02938,0.71277,0.0659
HIMS,"Hims & Hers Health, Inc.",27.9,6406786048,8422100,14714991,28.1,27.27,28.280001,27.9,-0.27,-0.958468,28.17,2026-09-10,,,2.412,224935790,,-0.64,Healthcare,Drug Manufacturers - Specialty & Generic,"Hims & Hers Health, Inc. operates as a consumer-first health and wellness platform that connects consumers to licensed healthcare professionals in the United States, the United Kingdom, Canada, Germany, the Republic of Ireland, France, Spain, and internationally. The company offers a range of curated prescription and non-prescription health and wellness products and services available to purchase on its websites and mobile application directly by customers. It also provides personalized health and wellness products; over-the-counter drug and device products, cosmetics, and supplement products primarily focusing on general wellness, skincare, sexual health and wellness, and hair care under the Hims & Hers brand name; and laboratory testing services to measure a set of biomarkers. Additionally, it offers medical consultation, post-consultation support services, and delivery of laboratory testing results services. Further, the company provides treatments and products for various chronic conditions related to hormone health, weight loss, dermatology, and mental health. The company offers its products through retail partnerships, in stores, and online. Hims & Hers Health, Inc. is based in San Francisco, California.",NYQ,Mr. Andrew  Dudum,United States,,false,false,true,https://www.hims.com,,USD,2442,San Francisco,CA,415 851 0195,2269 Chestnut Street,,2026-09-10T12:05:40+00:00,2026-09-09T16:46:21+00:00,Equity,-0.32033,-0.0221,0.69529,-0.12751,-0.05509,0.382,,2578112000,-10177000,849437248,-142030000,135244000,19.769617,-715.106,2.823,1546238976,540928000,2154705000,841048000,,0.934,0.82,477.128,0,2.5682,0.04968,0.71555,0.3023
HLT,Hilton Worldwide Holdings Inc.,306.98999,68829356032,1740500,2138824,301.880005,300,308.48999,306.98999,2.519989,0.827664,304.470001,2026-09-10,,,1.056,225064910,44.84164,6.82,Consumer Cyclical,Lodging,"Hilton Worldwide Holdings Inc., a hospitality company, engages in managing, franchising, and leasing hotels and resorts. It operates in two segments, Management and Franchise, and Ownership. The company engages in the hotel management and licensing of its brand names, trademarks, and service marks. It operates a brand portfolio of luxury, lifestyle, full service, focused service, all-suites hotel, and timeshare under the Waldorf Astoria Hotels & Resorts, LXR Hotels & Resorts, Conrad Hotels & Resorts, Signia by Hilton, NoMad, Canopy by Hilton, Graduate by Hilton, Tempo by Hilton, Motto by Hilton, Hilton Hotels & Resorts, DoubleTree by Hilton, Curio Collection by Hilton, Tapestry Collection by Hilton, Outset Collection by Hilton, Embassy Suites by Hilton, Homewood Suites by Hilton, Home2 Suites by Hilton, LivSmart Studios by Hilton, Hilton Garden Inn, Hampton by Hilton, Tru by Hilton, Spark by Hilton, Hilton Grand Vacations, Small Luxury Hotels of the World, AutoCamp, and Hilton Honors brand names. The company has operations in North America, South America, and Central America, including various Caribbean nations; Europe, the Middle East, and Africa; and the Asia Pacific. Hilton Worldwide Holdings Inc. was founded in 1919 and is headquartered in McLean, Virginia.",NYQ,Mr. Christopher J. Nassetta,United States,,false,false,true,https://www.hilton.com,,USD,182000,McLean,VA,703 883 1000,7930 Jones Branch Drive,0.2,2026-09-10T12:05:41+00:00,2026-09-09T16:46:22+00:00,Equity,,0.11026,0.79036,0.62987,0.31034,0.025,0.141,5104000000,3088000000,1393874944,1584000000,170000000,-10.950693,26.416,15.982,14023000064,-5388000000,16774000000,1009000000,,0.649,0.551,,0.0881,1.2591,0.02193,0.96986,0.0255
HP,"Helmerich & Payne, Inc.",44.209999,4420299264,1168400,1288640,44.970001,43.950001,45.59,44.209999,0.5,1.143903,43.709999,2026-09-10,,,0.65,99938945,,-1.39,Energy,Oil & Gas Drilling,"Helmerich & Payne, Inc., together with its subsidiaries, provides drilling solutions and technologies for oil and gas exploration and production companies. The company operates through North America Solutions, Offshore Solutions, and International Solutions segments. The North America Solutions segment conducts operations primarily in Texas. The Offshore Solutions segment has drilling operations in Louisiana and in U.S. federal waters the North Sea and Norwegian Sea off the coast of Norway, Caspian Sea and other international waters. The International Solutions segment conducts drilling operations in Saudi Arabia, Argentina, Bahrain, Oman, Germany, and Kuwait. The company focuses on developing, promoting, and commercializing technologies designed to enhance the drilling operations, as well as wellbore quality and placement. It also owns and operates commercial real estate properties. In addition, the company's real estate investments include a shopping center. Helmerich & Payne, Inc. was founded in 1920 and is headquartered in Tulsa, Oklahoma.",NYQ,Ms. Cara M. Hair J.D.,United States,,false,false,true,https://www.hpinc.com,,USD,15700,Tulsa,OK,918 742 5531,222 North Detroit Avenue,2.29,2026-09-10T12:05:43+00:00,2026-09-09T16:46:24+00:00,Equity,-0.04639,0.00937,0.31845,0.05096,-0.03428,-0.006,,3995992064,828084992,493073888,-138668000,31594000,1.717203,7.361,1.525,1862115968,2724790000,6705738000,231387008,,1.962,1.375,69.731,0.6091,6.81,0.03815,1.05071,0.1179
HPP,"Hudson Pacific Properties, Inc.",11.91,1300515840,631500,777285,12.21,11.69,12.21,11.91,-0.25,-2.055921,12.16,2026-09-10,,,1.912,54268741,,-8.84,Real Estate,REIT - Office,"Hudson Pacific Properties, Inc. is a real estate investment trust serving dynamic tech and media tenants in global epicenters for these synergistic, converging and secular growth industries. Hudson Pacific's unique and high-barrier tech and media focus leverages a full-service, end-to-end value creation platform forged through deep strategic relationships and niche expertise across identifying, acquiring, transforming and developing properties into world-class amenitized, collaborative and sustainable office and studio space. Hudson Pacific Properties, Inc. was incorporated in 1997 and is based in Los Angeles, United States.",NYQ,Mr. Victor J. Coleman,United States,,false,false,true,https://www.HudsonPacificProperties.com,,USD,607,Los Angeles,CA,310 445 5700,11601 Wilshire Boulevard,,2026-09-10T12:05:44+00:00,2026-09-09T16:46:25+00:00,Equity,-0.17248,-0.00008,0.49242,-0.05953,-0.6788,-0.013,,812790016,317056992,325911616,-572091008,30399000,0.266089,15.653,6.106,3738608128,2972157000,7267968000,84044000,,0.266,0.223,123.04,0,6.93,0.02508,1.2332,0.0097
HTZ,"Hertz Global Holdings, Inc.",2.07,744983360,12516400,32696754,2.16,2.06,2.18,2.07,-0.115,-5.263158,2.185,2026-09-10,,,2.311,356451393,,-0.91,Industrials,Rental & Leasing Services,"Hertz Global Holdings, Inc. operates as a vehicle rental company. It operates through two segments: Americas RAC and International RAC. The company offers vehicle rental services under the Hertz, Dollar, and Thrifty brands from company-operated, licensee, and franchisee locations in the United States, Africa, Asia, Australia, Canada, the Caribbean, Europe, Latin America, the Middle East, and New Zealand. It also sells vehicles and value-added services. The company was founded in 1918 and is headquartered in Estero, Florida.",NMS,Mr. Wayne Gilbert West,United States,,false,false,true,https://www.hertz.com,,USD,26000,Estero,FL,239 301 7000,8501 Williams Road,,2026-09-10T12:05:45+00:00,2026-09-09T16:46:26+00:00,Equity,,0.00695,0.16315,0.07137,-0.03133,0.097,,8906000384,371000000,1476000000,-279000000,63000000,-1.184807,57.226,2.384,21087000576,-459000000,22311000000,635000000,,0.573,0.302,,0,,0.01127,1.05453,0.6371
IAU,iShares Gold Trust,82.690002,,4038700,5960954,83.260002,82.25,83.339996,82.690002,0.740005,0.902996,81.949997,2026-09-10,,,,970150016,,,,,"The Trust seeks to reflect such performance before payment of the Trust’s expenses and liabilities. It is not actively managed. The Trust does not engage in any activities designed to obtain a profit from, or to ameliorate losses caused by, changes in the price of gold. The advisor intends to constitute a simple and cost-effective means of making an investment similar to an investment in gold. An investment in physical gold requires expensive and sometimes complicated arrangements in connection with the assay, transportation, warehousing and insurance of the metal.",PCX,,,,true,false,true,,,USD,,,,,,0,2026-09-10T12:05:46+00:00,2026-09-09T16:46:27+00:00,Equity,,,,,,,,,,,,,2.393835,,,,,67539091456,,0.25,,,,,,,,
IBIT,iShares Bitcoin Trust ETF,44.290001,,37135600,47044646,45.07,44.16,45.09,44.290001,-0.099998,-0.225273,44.389999,2026-09-10,,,,,,,,,"The shares are intended to constitute a simple means of making an investment similar to an investment in bitcoin rather than by acquiring, holding and trading bitcoin directly on a peer-to-peer or other basis or via a digital asset exchange. The fund is non-diversified.",NGM,,,2024-01-11,true,false,true,,,USD,,,,,,0,2026-09-10T12:05:47+00:00,2026-09-09T16:46:28+00:00,Equity,,,,,,,,,,,,,,,,,,61435101184,,0.25,,,,,,,,
IBRX,"ImmunityBio, Inc.",8.06,8542280704,9485900,9999650,8.22,7.875,8.36,8.06,-0.23,-2.774422,8.29,2026-09-10,,,0.135,1059836273,,-0.95,Healthcare,Biotechnology,"ImmunityBio, Inc., a biotechnology company, focuses on innovating, developing, and commercializing next-generation immunotherapies designed to activate the patient's immune system and deliver durable protection against cancer and infectious diseases. Its platforms for the development of biologic products and product candidates that include cytokine fusion proteins, DNA and vaccine vectors, and cell therapies. The company's platform has generated first-in-human therapeutic agents that are planned to be studied in clinical trials in liquid and solid tumors. Its lead biologic product candidate includes Anktiva, an FDA-approved immunotherapy in combination with bacillus calmette-guérin (BCG) for the treatment of adult patients with BCG unresponsive non-muscle invasive bladder cancer with carcinoma in situ, with or without papillary tumors; and 3M-052, a synthetic TLR7/8 agonist and 3M-052 formulations and related technology. The company has collaboration agreements with National Cancer Institute; Serum Institute of India Private Limited; and BeOne Medicines Ltd. It has license agreement with 3M Innovative Properties Company and Access to Advanced Health Institute. ImmunityBio, Inc. is based in San Diego, California.",NMS,"Dr. Patrick  Soon-Shiong F.A.C.S., FRCS (C), M.D., M.S., M.Sc.",United States,,false,false,true,https://immunitybio.com,,USD,684,San Diego,CA,844 696 5235,3530 John Hopkins Court,,2026-09-10T12:05:48+00:00,2026-09-09T16:46:29+00:00,Equity,,-0.30541,0.9934,-1.20408,0,0.939,,165792000,-235298000,-186564128,-992356992,36809000,-8.108652,-41.046,58.253,1228401024,-500469000,501898000,357371008,,5.721,5.355,,0,,0.62167,0.19766,0.318
IDT,IDT Corporation,67.970001,,220200,201364,68.349998,65.800003,68.349998,67.970001,-0.389999,-0.570508,68.360001,2026-09-10,,,0.623,,20.703989,3.26,Communication Services,Telecom Services,"IDT Corporation, together with its subsidiaries, provides communications and payment services in the United States, the United Kingdom, and internationally. It operates in four segments: National Retail Solutions, Fintech, Net2phone, and Traditional Communications. The company operates point of sale, a terminal-based platform which provides independent retailers with store management software, electronic payment processing, and other ancillary merchant services; and marketers with digital out-of-home advertising and transaction data. It also offers BOSS Money for international money remittance, and related value and payment transfer services, as well as net2phone solutions comprising unified communications as a service; contact center as a service under the uContact brand; net2phone AI, which delivers customer experiences across sales, support, and administrative tasks; and net2phone Coach, a workforce intelligence and coaching platform. In addition, the company provides IDT Digital Payments, which enables businesses, entrepreneurs, and developers to offer prepaid digital offerings, including mobile airtime top-up, mobile data bundles, digital gift cards, and eSIMs through its Zendit platform; and BOSS Revolution, which offers international long-distance voice calling to immigrant communities. Further, it provides IDT Global, a wholesale provider of international voice, SMS termination, and outsourced traffic management solutions to telecoms; and IDT Express, a mobile self-service portal paired with dedicated account managers backed by customer support. IDT Corporation was incorporated in 1978 and is headquartered in Newark, New Jersey.",NYQ,Mr. Howard S. Jonas,United States,,false,false,true,https://www.idt.net,,USD,1915,Newark,NJ,973 438 1000,520 Broad Street,0.38,2026-09-10T12:05:48+00:00,2026-09-09T16:46:30+00:00,Equity,0.25211,0.11119,0.37352,0.09413,0.06413,0.045,0.01,1275575040,123705000,34545624,81808000,3074000,4.690085,11.968,1.161,1378000,305131000,626203000,251427008,,1.924,0.952,0.355,0.0767,1.42,0.1309,0.62966,0.0343
IEP,Icahn Enterprises L.P.,6.83,4868915200,680400,998287,6.92,6.8,6.94,6.83,-0.08,-1.157741,6.91,2026-09-10,,,0.72,710915093,,-0.66,Energy,Oil & Gas Refining & Marketing,"Icahn Enterprises L.P., through its subsidiaries engages in the investment, energy, automotive, food packaging, real estate, home fashion and pharma in the United States and internationally. The Investment segment invests its proprietary capital through various private investment funds; and it provides investment advisory, administrative, and back-office services to the investment funds. The Energy segment engages in refining and marketing petroleum in the form of gasoline, diesel, jet fuel, and distillates; renewable fuels business refines renewable feedstocks, such as soybean oil, corn oil, and other related renewable feedstocks into renewable diesel and markets renewable products; and nitrogen fertilizer business produces and markets nitrogen fertilizers in the form of urea ammonium nitrate and ammonia. The Automotive segment engages in repair and maintenance of automotive; sale of installed parts or materials related to automotive services; and sale of automotive aftermarket parts and retailed merchandise. The Food Packaging segment produces and sells cellulosic, fibrous, and plastic casings used to prepare and pack processed meat products. The Real Estate segment consists of investment properties, including land, retail, office, and industrial properties; and development and sale of single-family homes; and the operations of a resort and two country clubs. The Home Fashion segment manufactures, sources, markets, distributes, and sells home fashion consumer products. The Pharma segment offers pharmaceutical products and services; and develops approved therapies and product candidates. Icahn Enterprises L.P. was incorporated in 1987 and is headquartered in Sunny Isles Beach, Florida.",NMS,,United States,,false,false,true,https://www.ielp.com,,USD,13562,Sunny Isles Beach,FL,305 422 4100,16690 Collins Avenue,28.96,2026-09-10T12:05:49+00:00,2026-09-09T16:46:31+00:00,Equity,-0.17813,-0.00455,0.07123,-0.08636,-0.04957,0.257,,10389000192,526000000,138000000,-515000000,,2.685804,20.653,1.046,6839000064,0,14215000000,1220999936,,1.652,0.789,318.686,25,1.15,0.00001,0.89125,0.1107
INDO,Indonesia Energy Corporation Limited,3.16,48160812,216900,332664,3.13,3.09,3.179,3.16,0.1,3.267979,3.06,2026-09-10,,,-0.646,15386840,,-0.35,Energy,Oil & Gas E&P,"Indonesia Energy Corporation Limited, together with its subsidiaries, operates as an oil and gas exploration and production company in Indonesia. Its principal assets include the Kruh Block, a producing block covering an area of 258.1 square kilometers located in the Pali, South Sumatra; and the Citarum Block, an exploration block covering approximately an area of 3,924.67 square kilometers located in the onshore of West Java. The company was incorporated in 2018 and is headquartered in Jakarta, Indonesia.",ASE,Dr. Wirawan  Jusuf,Indonesia,,false,false,true,https://indo-energy.com,,USD,39,Jakarta,,62 21 576 8888,GIESMART PLAZA,,2026-09-10T12:05:50+00:00,2026-09-09T16:46:32+00:00,Equity,-0.26948,-0.12812,-0.28071,-2.28733,-2.53401,-0.23,,2012543,-4018424,-2883233,-5099805,0,2.385671,-10.566,21.097,833985,19658520,22755376,5459309,,5.133,4.343,4.242,0,,0.35513,0.01331,0.0451
IVV,iShares Core S&P 500 ETF,766.099976,,8161200,7492929,767.710022,764.630005,768.140015,766.099976,-3.100037,-0.403021,769.200012,2026-09-10,,,,621550016,24.625265,,,,"The fund seeks to track the investment results of the S&P 500 (the “underlying index”), which measures the performance of the large-capitalization sector of the U.S. equity market, as determined by S&P Dow Jones Indices LLC (the “index provider” or “SPDJI”). The underlying index consists of securities from a broad range of industries.",PCX,,,,true,false,true,,,USD,,,,415-670-2000,,1.06,2026-09-10T12:05:52+00:00,2026-09-09T16:46:33+00:00,Equity,,,,,,,,,,,,,1.77735,,,,,883985416192,,0.03,,,,,,,,
JACK,Jack in the Box Inc.,14.78,288840704,556400,941669,15.08,14.73,15.2,14.78,-0.38,-2.506597,15.16,2026-09-10,,,1.405,19179330,,-5.67,Consumer Cyclical,Restaurants,"Jack in the Box Inc., together with its subsidiaries, develops, operates, and franchises quick-service restaurants (QSR) in the United States. It operates through Jack in the Box and Del Taco segments. The company engages in the operation of a hamburger chain under the Jack in the Box brand; and a Mexican-American QSR chain under the Del Taco brand. The company was formerly known as Foodmaker, Inc and changed its name to Jack in the Box Inc. in November 1999. Jack in the Box Inc. was founded in 1951 and is headquartered in San Diego, California.",NMS,Ms. Dawn E. Hooper,United States,,false,false,true,https://www.jackinthebox.com,,USD,1316,San Diego,CA,858 571 2121,9357 Spectrum Center Blvd.,15.71,2026-09-10T12:05:53+00:00,2026-09-09T16:46:34+00:00,Equity,,0.04199,0.26692,0.14926,0.02361,-0.018,-0.1,1427555968,221896000,-9294750,-107282000,8238000,-0.32001,12.285,1.91,2481620992,-938271000,2593421000,46318000,,0.579,0.404,,0,0.89,0.09031,1.06923,0.3226
JBLU,JetBlue Airways Corporation,4.38,1637534976,25038200,29510445,4.48,4.31,4.48,4.38,-0.14,-3.097342,4.52,2026-09-10,,,1.704,377312181,,-2.38,Industrials,Airlines,"JetBlue Airways Corporation provides air transportation services. The company operates a fleet of Airbus A220, Airbus A320, Airbus A320 Restyled, Airbus A321, Airbus A321 with Mint, Airbus A321neo, Airbus A321neo with Mint, and Airbus A321neoLR with Mint aircraft. It also serves 100 destinations across the United States, the Caribbean, Latin America, Canada, and Europe. In addition, it operates airport lounges, as well as provides vacation services. JetBlue Airways Corporation was incorporated in 1998 and is based in Long Island City, New York.",NMS,Ms. Joanna L. Geraghty,United States,,false,false,true,https://www.jetblue.com,,USD,19647,Long Island City,NY,718 286 7900,27-01 Queens Plaza North,,2026-09-10T12:05:54+00:00,2026-09-09T16:46:36+00:00,Equity,-0.44355,-0.021,0.20225,-0.05228,-0.09323,0.145,,9502999552,86000000,-921249984,-886000000,40000000,1.031859,105.482,0.955,9386000384,2120000000,16570000000,2020000000,,0.696,0.541,591.43,0,0.88,0.1055,0.87618,0.2955
JD,"JD.com, Inc.",27,36429737984,8983300,8193562,27.120001,26.85,27.27,27,-0.68,-2.456648,27.68,2026-09-10,,,0.339,1350500000,17.983334,1.5,Consumer Cyclical,Internet Retail,"JD.com, Inc. operates as a supply chain-based technology and service provider in the People's Republic of China and Europe. It operates through three segments: JD Retail, JD Logistics, and New Businesses. The company provides home appliances; mobile handsets and other digital products; computers, including desktop, laptop, and other various products, as well as printers and other office equipment; furniture and household goods; apparel; cosmetics and other personal care items; and pet products. It offers women's shoes, bags, watches, jewelry, and luxury goods; men's shoes, sports gear, and fitness equipment; automobiles and accessories; maternal and childcare products; toys and musical instruments; food, beverages, and fresh produce; gifts, flowers, and plants; and pharmaceutical and healthcare products, such as OCT pharmaceutical products, nutritional supplements, healthcare services, and other healthcare equipment. In addition, the company provides books, e-books, music, movies, and other media products; virtual goods consisting of online travel agency, attraction tickets, and prepaid phone cards and game cards; industrial products; and installation and maintenance services. Further, it offers online marketplace services for third-party merchants; marketing services; and omni-channel solutions to customers and offline retailers, as well as online healthcare services. Additionally, the company develops, owns, and manages its logistics facilities and other real estate properties to support third parties; and offers asset management services and integrated service platform; leasing of storage facilities and related management services, as well as engages in online retail business; technology-driven supply chain solutions; and logistics services. The company was formerly known as 360buy Jingdong Inc. and changed its name to JD.com, Inc. in January 2014. JD.com, Inc. was incorporated in 2006 and is headquartered in Beijing, the People's Republic of China.",NMS,Mr. Qiangdong  Liu,China,,false,false,true,https://www.jd.com,,USD,900000,Beijing,,86 400 606 5500,"Building A, 20th Floor",3.61,2026-09-10T12:05:55+00:00,2026-09-09T16:46:37+00:00,Equity,0.06787,0.00191,0.09421,0.01196,0.01126,-0.029,0.213,1313438040064,11797999616,16130499584,14794000384,4726000000,1.102949,-1.284,-0.012,105307996160,225040000000,695201000000,221662003200,,1.141,0.709,37.294,0.6785,0.5064,0.01008,0.16538,0.017
JEF,Jefferies Financial Group Inc.,55.25,11320798208,1379100,2097404,55.799999,54.279999,55.849998,55.25,-0.470001,-0.843505,55.720001,2026-09-10,,,,194145000,15.547486,3.58,Financial Services,Capital Markets,"Jefferies Financial Group Inc. operates as an investment banking and capital markets firm in the Americas, Europe, the Middle East, and the Asia-Pacific. It operates in two segments, Investment Banking and Capital Markets, and Asset Management. The company provides investment banking and advisory services for mergers or acquisitions, debt financing, restructurings, and private capital advisory transactions; underwriting and placement services related to corporate debt, municipal debt, mortgage-backed and asset-backed securities, equity and equity-linked securities, and loan syndication services; and corporate lending services. It also offers financing, securities lending, and other prime brokerage services; equities research, sales, and trading services; wealth management services; and online foreign exchange trading services. In addition, the company provides investment-grade distressed debt securities, U.S. and European government and agency securities, municipal bonds, leveraged loans, emerging markets debt, interest rates, and credit index derivative products; and manages and offers services to a diverse group of alternative asset management platforms across a spectrum of investment strategies and asset classes. It serves public companies, private companies, sponsors and owners, institutional investors, and government entities. The company was formerly known as Leucadia National Corporation and changed its name to Jefferies Financial Group Inc. in May 2018. Jefferies Financial Group Inc. was founded in 1962 and is headquartered in New York, New York.",NYQ,Mr. Joseph Saul Steinberg,United States,,false,false,true,https://www.jefferies.com,,USD,7371,New York,NY,212 284 2300,520 Madison Avenue,2.87,2026-09-10T12:05:56+00:00,2026-09-09T16:46:38+00:00,Equity,,,0.02625,0.16941,0.23019,0.35,1.598,5402596864,,,388839520,88227000,1.071353,,-2.044,38693298176,10574696000,76012347000,62625898496,,,,364.763,0.4469,1.2367,0.2528,0.68807,0.0324
JTAI,Jet.AI Inc.,1.28,1862596,106000,1601388,1.33,1.261,1.35,1.28,-0.05,-3.759404,1.33,2026-09-10,,,-0.339,1421721,0.002426,540.01,Technology,Software - Application,"Jet.AI Inc. engages in the development and operation of private aviation platforms. The company operates CharterGPT, a booking platform that functions as a prospecting and quoting platform to arrange private jet travel with its aircrafts and third-party carriers. It also provides Reroute AI software that recycles aircraft waiting to return to base into prospective new charter bookings to destinations within specific distances; and DynoFlight, a software application programming interface (API), which enables aircraft operators to track and estimate emissions, and purchase carbon offset credits. In addition, the company offers aircraft charter, management, and brokerage services. The company was founded in 2018 and is headquartered in Las Vegas, Nevada.",NCM,Mr. Michael D. Winston C.F.A.,United States,,false,false,true,https://jet.ai,,USD,7,Las Vegas,NV,702 747 4000,10845 Griffith Peak Dr.,,2026-09-10T12:05:59+00:00,2026-09-09T16:46:40+00:00,Equity,0.20216,-0.2203,-0.04697,-0.50425,0.49496,1.39,,10478610,-9964231,-5934298,5186528,1626102,0.056553,0.59,-0.561,0,21975007,25684076,10608614,,5.17,5.083,,0,,0.0569,0.01145,0.1117
KER.PA,Kering SA,233.550003,28478111744,50155,310205,232.350006,231.100006,233.949997,233.550003,1.300003,0.559743,232.25,2026-09-10,,,0.992,122618351,,-2.62,Consumer Cyclical,Luxury Goods,"Kering SA manages the development of a collection of renowned houses in fashion, leather goods, and jewelry in the Asia Pacific, Western Europe, North America, Japan, and internationally. The company provides ready-to-wear products, accessories, and beauty products for men and women. It also offers leather goods and shoes; watches and jewelry; eyewear products; and fragrances and cosmetics. The company provides its products under the Gucci, Saint Laurent, Bottega Veneta, Balenciaga, Alexander McQueen, Brioni, Boucheron, Pomellato, DoDo, Qeelin, and Ginori 1735, as well as Kering Eyewear and Kering Beauté brands. Kering SA was formerly known as PPR SA. and changed its name to Kering SA in May 2013. The company was founded in 1963 and is based in Paris, France.",PAR,Mr. Luca  de Meo,France,,false,false,true,https://www.kering.com,,EUR,41147,Paris,,33 1 45 64 61 00,"40, rue de Sèvres",1.23,2026-09-10T12:06:00+00:00,2026-09-09T16:46:42+00:00,Equity,-0.01601,0.0248,0.72088,0.12756,-0.01473,-0.029,-0.601,14456000512,2516999936,2548875008,-322000000,,1.966454,16.001,2.786,17906999296,14706000000,41182000000,8480000000,,2.047,1.382,116.567,1.0101,0.2681,0.42529,0.26341,
KGC,Kinross Gold Corporation,30.23,36073582592,5686300,8587003,30.77,30.02,31.360001,30.23,0.08,0.26534,30.15,2026-09-10,,,1.477,1186240789,11.562737,2.63,Basic Materials,Gold,"Kinross Gold Corporation, together with its subsidiaries, engages in the acquisition, exploration, and development of gold properties principally in the United States, Brazil, Chile, Canada, and Mauritania. It is also involved in the extraction and processing of gold-containing ores; reclamation of gold mining properties; and production and sale of silver. The company was founded in 1993 and is headquartered in Toronto, Canada.",NYQ,Mr. J. Paul Rollinson,Canada,,false,false,true,https://www.kinross.com,,USD,,Toronto,ON,416 365 5123,25 York Street,0.53,2026-09-10T12:06:01+00:00,2026-09-09T16:46:43+00:00,Equity,0.36991,0.21413,0.69111,0.52478,0.37524,0.295,0.648,8470900224,5385099776,2994937600,3178599936,13100000,3.736791,6.311,4.012,755299968,8576000000,12411100000,2656399872,,2.892,1.9,7.727,0.0551,1.12,0.00182,0.68912,
KNSL,"Kinsale Capital Group, Inc.",359.600006,8206382592,139400,288766,363.769989,358.01001,363.769989,359.600006,-7.690002,-2.093714,367.290009,2026-09-10,,,0.891,22778425,14.615416,24.65,Financial Services,Insurance - Property & Casualty,"Kinsale Capital Group, Inc. engages in the provision of property and casualty insurance products in the United States. The company's commercial lines offerings include commercial property, excess casualty, general casualty, small business casualty, construction, allied health, small business property, products liability, entertainment, commercial auto, energy, excess professional, life sciences, inland marine, professional liability, environmental, health care, management liability, public entity, agribusiness casualty and property, aviation, ocean marine, and product recall insurance. Its personal lines offerings also include high value homeowners and personal insurance products. The company sells its insurance products in all 50 states, the District of Columbia, the Commonwealth of Puerto Rico, and the U.S. Virgin Islands primarily through a network of independent insurance brokers. Kinsale Capital Group, Inc. was founded in 2009 and is headquartered in Richmond, Virginia.",NYQ,Mr. Michael Patrick Kehoe J.D.,United States,,false,false,true,https://www.kinsalecapitalgroup.com,,USD,711,Richmond,VA,804 289 1300,2025 Staples Mill Roadt,0.27,2026-09-10T12:06:03+00:00,2026-09-09T16:46:45+00:00,Equity,0.30268,0.07563,0.31142,0.40678,0.28492,0.168,0.34,1996003968,732259008,982102720,568694016,17884000,4.032392,11.444,4.199,224535008,1959583000,6043561000,210511008,,0.194,0.086,11.033,0.0341,1.0904,0.05416,0.96847,0.1059
KOSS,Koss Corporation,3.46,33070056,7400,18800,3.5,3.43,3.5,3.46,-0.09,-2.535209,3.55,2026-09-10,,,1.66,9466438,,-0.04,Technology,Consumer Electronics,"Koss Corporation, together with its subsidiaries, engages in the design, manufacture, and sale of stereo headphones and related accessories in the United States, Sweden, the Czech Republic, Korea, Malaysia, Australia, Japan, the United Kingdom, and internationally. The company offers high-fidelity headphones, wireless bluetooth headphones, wireless bluetooth speakers, computer headsets, telecommunications headsets, and active noise canceling headphones. It sells its products through distributors, international distributors, audio specialty stores, the internet, national retailers, grocery stores, electronics retailers, and prisons under the Koss brand name, as well as private label. The company also sells its products to distributors for resale to school systems; and directly to other manufacturers. Koss Corporation was founded in 1953 and is based in Milwaukee, Wisconsin.",NCM,Mr. Michael J. Koss,United States,,false,false,true,https://www.koss.com,,USD,28,Milwaukee,WI,414 964 5000,4129 North Port Washington Avenue,,2026-09-10T12:06:04+00:00,2026-09-09T16:46:46+00:00,Equity,-0.01288,-0.04478,0.41875,-0.3418,-0.03006,0.058,,13020773,-2339599,-17568456,-391464,24933,1.096485,-14.061,2.526,2311104,30159655,36658764,3020840,,13.955,2.346,7.663,0,,0.44104,0.05338,0.0384
KSS,Kohl's Corporation,17.52,2039642240,3033200,4322275,18.41,17.5,18.620001,17.52,-1.09,-5.857067,18.610001,2026-09-10,,,1.404,113376445,7.72103,2.33,Consumer Cyclical,Department Stores,"Kohl's Corporation operates as an omnichannel retailer in the United States. It offers apparel, footwear, accessories, beauty products, and home products through its stores and website. The company provides its products primarily under the brand names of Apt. 9, Croft & Barrow, FLX, Jumping Beans, SO, Sonoma Goods for Life, and Tek Gear, as well as LC Lauren Conrad, Nine West, and Simply Vera Vera Wang. Kohl's Corporation was founded in 1988 and is headquartered in Menomonee Falls, Wisconsin.",NYQ,Mr. Michael J. Bender,United States,,false,false,true,https://www.corporate.kohls.com,,USD,84000,Menomonee Falls,WI,262 703 7000,N56 W17000 Ridgewood Drive,2.69,2026-09-10T12:06:05+00:00,2026-09-09T16:46:47+00:00,Equity,0.06671,0.02313,0.40518,0.0458,0.0175,-0.009,-0.052,15429999616,1192999936,879500032,270000000,34000000,0.487732,6.463,0.5,6421000192,4048000000,13362000000,821000000,,1.491,0.305,154.055,0.2146,1.3739,0.04015,1.07605,0.3109
LAC,Lithium Americas Corp.,3.19,1138139648,26188700,9258883,3.23,3.11,3.32,3.19,0.19,6.333335,3,2026-09-10,,,3.467,363042943,,-0.46,Basic Materials,Other Industrial Metals & Mining,"Lithium Americas Corp., a resource and materials company, focuses on developing, building, and operating of lithium deposits and chemical processing facilities in the United States and Canada. The company's flagship asset is the Thacker Pass project located in the McDermitt Caldera in Humboldt County, northern Nevada, as well as invests in exploration properties in the United States and Canada. Lithium Americas Corp. was incorporated in 2023 and is headquartered in Vancouver, Canada.",NYQ,Mr. Kelvin Paul Michael Dushnisky B.Sc. (Hon.),Canada,,false,false,true,https://www.lithiumamericas.com,,USD,94,Vancouver,BC,778 656 5820,3260 – 666 Burrard Street,,2026-09-10T12:06:06+00:00,2026-09-09T16:46:50+00:00,Equity,-0.03698,-0.01659,0,0,0,,,,-64639000,-1348932096,-97196000,6206000,0.800562,-30.319,,1161016064,1058754000,2579048000,822782016,,5.467,3.517,59.552,0,,0.0697,0.32538,0.0871
LAES,SEALSQ Corp,2.4,542454656,5328800,13807064,2.43,2.4,2.49,2.4,-0.05,-2.040814,2.45,2026-09-10,,,-7.713,222773999,,-0.24,Technology,Semiconductors,"SEALSQ Corp, together with its subsidiaries, designs, develops, and markets semiconductors in North America, Europe, the Middle East, Africa, the Asia Pacific, and Latin America. It offers semiconductors, such as VaultIC secure elements, quantum-resistant RISC-V secure chips, secure ARM platform, and smart card reader chips; custom chip design services; and other PKI services, including personal digital identity services. The company also provides semiconductors secure chips, SaaS, software and INeS certificate management platform, implementation, integration and other services, and ASIC design and production services. Additionally, it develops WISeRobot.ch, a platform human and artificial intelligence collaboration. It serves smart energy, smart home, automotive EV charging, consumer IoT, aerospace and military telecommunications, industry, logistics, medical, and luxury sectors. It has a strategic partnership with L5 Cartronics to develop secure multi-package IoT modules for smart cameras and smart metering. The company was founded in 2022 and is headquartered in Cointrin, Switzerland. SEALSQ Corp operates as a subsidiary of WISeKey International Holding AG.",NMS,Mr. Franck  Buonanno,Switzerland,,false,false,true,https://www.sealsq.com,,USD,185,Cointrin,,41 22 59 43 000,Avenue Louis-CasaI 58,,2026-09-10T12:06:07+00:00,2026-09-09T16:46:51+00:00,Equity,-0.12712,-0.08268,0.50055,-1.38281,-1.87344,1.182,,18252000,-37578000,-10687875,-34194000,11261000,1.050021,-1.807,3.721,7998000,461508000,504179000,427694016,,15.918,15.641,1.733,0,,0.02694,0.06737,0.0559
LAZR,Tema Photonics & Optical ETF,44.77,,81500,166967,44.75,44.689999,45.599998,44.77,0.010002,0.022346,44.759998,2026-09-10,,,,,56.488342,,,,,PCX,,,,false,false,true,,,USD,,,,,,,2026-09-10T12:06:08+00:00,2026-09-09T16:46:52+00:00,Equity,,,,,,,,,,,,,,,,,,,,,,,,,,,,
LILA,Liberty Latin America Ltd.,8.65,1690616960,305500,732802,8.59,8.52,8.69,8.65,-0.04,-0.460299,8.69,2026-09-10,,,0.742,36900000,,-0.48,Communication Services,Telecom Services,"Liberty Latin America Ltd., together with its subsidiaries, provides fixed, mobile, and subsea telecommunications services in Puerto Rico, Panama, Costa Rica, Jamaica, Latin America and the Caribbean, the Bahamas, Trinidad and Tobago, Barbados, Curacao, Chile, and internationally. The company operates through Liberty Caribbean, C&W Panama, Liberty Networks, Liberty Puerto Rico, and Liberty Costa Rico segments. It offers communications and entertainment services, including video, broadband internet, fixed-line, telephony, and mobiles services to residential and business customers; and business products and services comprising enterprise-grade connectivity, data center, hosting, and managed solutions, as well as information technology solutions for small and medium enterprises, international companies, and governmental agencies. The company also operates a subsea and terrestrial fiber optic cable network that connects approximately 30 markets in the region for providing connectivity solutions; and offers voice and data services, such as value-added, data-based, and fixed-mobile converged services. It provides its services under the brands of Liberty Business, LIBERTY NETWORKS, Liberty, BTC, Flow, and +movil. The company was incorporated in 2017 and is based in Hamilton, Bermuda.",NMS,Mr. Michael Thomas Fries,Bermuda,,false,false,true,https://www.lla.com,,USD,9000,Hamilton,,441-295-5950,2 Church Street,,2026-09-10T12:06:10+00:00,2026-09-09T16:46:54+00:00,Equity,-0.03716,0.01282,0.78117,0.17459,-0.02203,0.015,,4457399808,1149799936,431224992,-100000000,54400000,3.265229,9.05,2.334,8993699840,555600000,12225900000,756000000,,1.185,0.887,905.528,0,,0.18805,0.75957,0.0325
LMND,"Lemonade, Inc.",49.220001,3817201152,1503000,1374551,50,48.02,50.349998,49.220001,-1.329998,-2.631054,50.549999,2026-09-10,,,1.868,77396615,,-1.82,Financial Services,Insurance - Property & Casualty,"Lemonade, Inc. provides various insurance products in the United States, Europe, and the United Kingdom. The company provides renters and homeowners, building, car, pet, and life insurance products, as well as landlord insurance products. It also offers insurance for stolen or damaged property, and personal liability that protects its customers if they are responsible for an accident or damage to another person or their property. In addition, it operates as an agent for other insurance companies. The company was formerly known as Lemonade Group, Inc. Lemonade, Inc. was incorporated in 2015 and is headquartered in New York, New York.",NYQ,Mr. Daniel Asher Schreiber,United States,2020-07-02,false,false,true,https://www.lemonade.com,,USD,1282,New York,NY,844 733 8666,5 Crosby Street,,2026-09-10T12:06:11+00:00,2026-09-09T16:46:55+00:00,Equity,-0.26963,-0.03269,0.51651,-0.11821,-0.14195,0.794,,975000000,-92100000,94400000,-138400000,61300000,7.634675,-40.847,3.858,226400000,533600000,1925700000,376800000,,1.191,0.908,45.325,0,,0.08658,0.61532,0.1411
LNG,"Cheniere Energy, Inc.",275.929993,56889835520,3018000,1984598,278.98999,274.720001,280.600006,275.929993,-0.089996,-0.032605,276.019989,2026-09-10,,,-0.002,206534158,20.883247,13.19,Energy,Oil & Gas Midstream,"Cheniere Energy, Inc., an energy infrastructure company, primarily engages in the liquefied natural gas (LNG) related businesses in the United States. The company owns and operates the Sabine Pass LNG terminal in Cameron Parish, Louisiana; and the Corpus Christi LNG terminal near Corpus Christi, Texas. It also owns and operates the Creole Trail pipeline, a 94-mile natural gas supply pipeline that interconnects the Sabine Pass LNG Terminal with several large interstate and intrastate pipelines; and the Corpus Christi pipeline, a 21-mile natural gas supply pipeline that interconnects the Corpus Christi LNG terminal with interstate and intrastate natural gas pipelines. In addition, the company engages in the LNG and natural gas marketing business. Cheniere Energy, Inc. was incorporated in 1983 and is headquartered in Houston, Texas.",NYQ,Mr. Jack A. Fusco,United States,,false,false,true,https://www.cheniere.com,,USD,1717,Houston,TX,713 375 5000,845 Texas Avenue,0.8,2026-09-10T12:06:12+00:00,2026-09-09T16:46:56+00:00,Equity,0.39116,0.08626,0.3685,0.74996,0.13944,0.227,1.007,20920000512,7827999744,720875008,2904999936,161000000,9.249807,11.39,4.262,27968999424,7915000000,47882000000,1116000000,,0.871,0.519,243.42,0.164,9.46,0.00657,0.91715,0.0215
LOVE,The Lovesac Company,16.030001,233702352,593700,222143,15.87,15.455,16.245001,16.030001,-0.039999,-0.248905,16.07,2026-09-10,,,2.032,14638418,63.86,0.25,Consumer Cyclical,"Furnishings, Fixtures & Appliances","The Lovesac Company designs, manufactures, and sells furniture. It offers sactionals, such as seats and sides; sacs, including foam beanbag chairs; and other products comprising drink holders, footsac blankets, decorative pillows, fitted seat tables, and ottomans. The company also provides StealthTech, a home theater system; and PillowSac, an accent chair. It markets its products primarily through website, as well as showrooms, lifestyle centers, mobile concierges, kiosks, and street locations in 45 states in the United States; and in store pop-up-shops and shop-in-shops, and barter inventory transactions. The Lovesac Company was founded in 1995 and is based in Stamford, Connecticut.",NGM,Mr. Shawn David Nelson,United States,,false,false,true,https://www.lovesac.com,,USD,917,Stamford,CT,888 636 1223,421 Atlantic Street,,2026-09-10T12:06:13+00:00,2026-09-09T16:46:57+00:00,Equity,0.01874,0.00374,0.56077,-0.12572,0.00547,-0.001,,696937984,18717000,28353376,3812000,5510000,1.137027,19.721,0.53,190872992,218707000,534682000,56998000,,1.55,0.547,92.867,0,0.4259,0.0542,1.05184,0.2014
LPX,Louisiana-Pacific Corporation,67.519997,4671233536,953300,1154332,67,66.360001,67.769997,67.519997,0.439995,0.655925,67.080002,2026-09-10,,,1.586,69923410,86.75974,0.77,Industrials,Building Products & Equipment,"Louisiana-Pacific Corporation, together with its subsidiaries, provides building solutions for applications in new home construction, repair and remodeling, and outdoor structure markets in the United States, Canada, and South America. It operates through Siding and Oriented Strand Board (OSB) segments. The Siding segment consists of a portfolio of engineered wood siding, trim, soffit, and fascia products; and primed products, including LP SmartSide trim and siding, LP BuilderSeries Lap Siding, and LP Outdoor Building Solutions; and LP SmartSide ExpertFinish trim and siding pre-finished products. The OSB segment manufactures and distributes OSB structural panel products, including the value-added OSB product portfolio comprising LP Structural Solutions, which includes LP FlameBlock Fire-Rated Sheathing, LP WeatherLogic Air and Water Barrier, LP TechShield Radiant Barrier, LP Legacy Premium Sub-Flooring, and LP TopNotch 350 Durable Sub-Flooring. In addition, the company provides other operations, including timber and timberlands, as well as other minor products, services, and closed operations. The company sells its products primarily to retailers, wholesalers, home building, and industrial businesses in North America and South America. Louisiana-Pacific Corporation was incorporated in 1972 and is headquartered in Nashville, Tennessee.",NYQ,Mr. Jason P. Ringblom,United States,,false,false,true,https://www.lpcorp.com,,USD,4300,Nashville,TN,615 986 5600,1610 West End Avenue,1.79,2026-09-10T12:06:14+00:00,2026-09-09T16:46:58+00:00,Equity,0.03098,0.0266,0.18023,0.05271,0.02187,-0.121,-0.518,2468999936,257000000,-96000000,54000000,30000000,2.681424,18.831,1.96,377000000,1731000000,2627000000,228000000,,3.221,1.546,21.617,1.5065,3.68,0.09494,0.98262,0.1002
LUNR,"Intuitive Machines, Inc.",14.94,2449304576,6746100,10480648,15.9,14.885,16.030001,14.94,-0.740001,-4.719392,15.68,2026-09-10,,,1.851,160452309,,-0.94,Industrials,Aerospace & Defense,"Intuitive Machines, Inc. operates as a space infrastructure and services company in the United States. The company provides delivery services for the transportation and delivery of payloads, such as satellites, scientific instruments, and cargo to various destinations in space, rideshare delivery, and lunar surface access; data transmission services, which include the collection, processing, and interpretation of space-based data, as well as utilizing AI applications, such as command, control, communications, reconnaissance and prospecting; and infrastructure as a service solutions for navigation, maintenance, scientific data collection, and system health monitoring. It also offers Nova-C lunar lander that combines flight-proven with a scalable design to meet the demands of the emerging lunar economy; Micro Nova Hopper develops propulsive drone that is designed to land, deploy, and hop on the company's IM-2 mission; and Nova-D developed to transport critical payloads, including infrastructure services, such as fission surface power systems, lunar terrain vehicles, and rovers enabling sustainable lunar exploration and development. In addition, the company provides lunar data network. It serves its products to the U.S. government, which include NASA, national security space, U.S. department of Defense, and state governments; commercial; and international customers. The company was founded in 2013 and is headquartered in Houston, Texas.",NGM,Dr. Kamal Seyed Ghaffarian Ph.D.,United States,,false,false,true,https://www.intuitivemachines.com,,USD,525,Houston,TX,281 520 3703,13467 Columbia Shuttle Street,,2026-09-10T12:06:15+00:00,2026-09-09T16:46:59+00:00,Equity,-0.30769,-0.05517,0.16349,-0.18099,-0.26636,3.098,,490120000,-74371000,-79995872,-131196000,8609000,-8.906068,-54.222,8.228,481447008,-748351000,757154000,367353984,,1.658,1.345,52.818,0,,0.05209,0.93803,0.2709
M,"Macy's, Inc.",21.51,5888104448,9684700,5426796,22.5,21.469999,22.67,21.51,-0.940001,-4.187085,22.450001,2026-09-10,,,1.431,263037954,9.25,2.42,Consumer Cyclical,Department Stores,"Macy's, Inc., an omni-channel retail organization, operates stores, websites, and mobile applications in the United States. The company sells various merchandise, such as apparel and accessories for men, women, and kids; cosmetics; home furnishings; and other consumer goods under the Macy's, Bloomingdale's, and Bluemercury brands. It also operates in Dubai, the United Arab Emirates, and Al Zahra, Kuwait under the license agreements. The company was formerly known as Federated Department Stores, Inc. and changed its name to Macy's, Inc. in June 2007. Macy's, Inc. was founded in 1830 and is based in New York, New York.",NYQ,Mr. Antony  Spring,United States,,false,false,true,https://www.macysinc.com,,USD,90134,New York,NY,212 494 1621,151 West 34th Street,3.41,2026-09-10T12:06:16+00:00,2026-09-09T16:47:01+00:00,Equity,0.14363,0.03372,0.40308,0.01758,0.02936,0.021,0.769,22720000000,1408000000,748875008,667000000,59000000,1.217304,6.904,0.428,5109000192,4860000000,16238000000,1294000000,,1.475,0.341,105.623,0.3052,2.9347,0.03159,0.97837,0.1286
MAGN,Magnera Corporation,11.61,408332000,359400,423248,11.78,11.4,11.83,11.61,-0.320001,-2.682319,11.93,2026-09-10,,,,35600000,,-4.47,Consumer Defensive,Household & Personal Products,"Magnera Corporation manufactures and sells non-woven and related products worldwide. It sells its products primarily into consumer-oriented end markets, such as healthcare, and personal care. The company offers personal care and consumer solution products and components of products including medical garments, wipes, dryer sheets, filtration, baby diapers and adult incontinence. The company also offers tea bags, coffee filters, wipes, cable wrap, filtration, baby diapers and adult incontinence. The company is headquartered in Charlotte, North Carolina.",NYQ,Mr. Curtis L. Begle,United States,,false,false,true,https://magnera.com,,USD,8000,Charlotte,NC,866 744 7380,9335 Harris Corners Pkwy,,2026-09-10T12:06:18+00:00,2026-09-09T16:47:02+00:00,Equity,-0.10428,0.02265,0.11937,0.05251,-0.0341,0.021,,3284000000,331000000,230000000,-112000000,2797000,0.403759,6.369,0.642,1960999936,256854000,1563796000,280000000,,2.446,1.425,192.822,0,4.23,0.01152,1.01524,0.064
MAPS,"WM Technology, Inc.",0.365,62608788,878300,319050,0.366,0.337,0.366,0.365,-0.008,-2.144768,0.373,2026-09-10,,,0.87,112498797,17.975,0.02,Technology,Software - Application,"WM Technology, Inc., an online cannabis marketplace, provides ecommerce and compliance software solutions to retailers and brands in cannabis market in the United States and internationally. The company offers Weedmaps marketplace that allows cannabis users to search for and browse cannabis products from retailers and brands, and reserve products from local retailers; and education and learning information to help newer consumers learn about the types of products to purchase. It also provides monthly subscription-based business software solutions, including WM Listings, WM Orders, WM Store, WM Connectors, and WM Insights as well as other add-on products, such as WM Ads and WM Dispatch. The company was founded in 2008 and is headquartered in Irvine, California.",OQX,Mr. Douglas  Francis,United States,,false,false,true,https://weedmaps.com,,USD,416,Irvine,CA,844 933 3627,41 Discovery,,2026-09-10T12:06:18+00:00,2026-09-09T16:47:03+00:00,Equity,0.02388,0.04728,0.94721,0.05405,0.01216,-0.054,0.816,171248992,27199000,9541250,2082000,7776000,0.63968,3.018,0.479,24661000,57175000,190667000,60499000,,2.721,2.532,17.764,0,,0.08605,0.11211,0.0352
MAR,"Marriott International, Inc.",331.519989,85678678016,2233700,1606001,326.329987,320.910004,332.25,331.519989,2.72998,0.830311,328.790009,2026-09-10,,,1.104,260766288,33.977768,9.67,Consumer Cyclical,Lodging,"Marriott International, Inc. engages in the operation, franchising, and licensing of hotel, residential, timeshare, and other lodging properties in the United States, Canada, Europe, the Middle East, Africa, Greater China, the Asia-Pacific, and internationally. The company operates properties under the JW Marriott, The Ritz-Carlton, The Luxury Collection, W Hotels, St. Regis, EDITION, Bvlgari, Marriott Hotels, Sheraton, Westin, Autograph Collection, Renaissance Hotels, Le Méridien, Delta Hotels by Marriott, MGM Collection with Marriott Bonvoy, Tribute Portfolio, Gaylord Hotels, Design Hotels, Marriott Executive Apartments, Apartments by Marriott Bonvoy, Courtyard by Marriott, Fairfield by Marriott, Residence Inn by Marriott, SpringHill Suites by Marriott, Four Points by Sheraton, TownePlace Suites by Marriott, Aloft Hotels, AC Hotels by Marriott, Moxy Hotels, Element Hotels, Protea Hotels by Marriott, citizenM, City Express by Marriott, and Four Points Flex by Sheraton brands. It also operates residences, timeshares, and yachts. The company was formerly known as New Marriott MI, Inc. and changed its name to Marriott International, Inc. in May 1998. Marriott International, Inc. was founded in 1927 and is headquartered in Bethesda, Maryland.",NMS,Mr. Anthony G. Capuano Jr.,United States,,false,false,true,https://www.marriott.com,,USD,414000,Bethesda,MD,301 380 3000,7750 Wisconsin Avenue,0.89,2026-09-10T12:06:19+00:00,2026-09-09T16:47:04+00:00,Equity,,0.09761,0.79242,0.65276,0.3503,0.111,0.043,7384999936,4814000128,2060375040,2587000064,236000000,-19.009777,21.406,13.954,17774000128,-3771000000,27540000000,462000000,,0.535,0.481,,0.2836,1.644,0.18083,0.63585,0.024
MGM,MGM Resorts International,40.66,10277543936,2795800,2607411,40.700001,40.049999,40.709999,40.66,-0.080002,-0.196372,40.740002,2026-09-10,,,1.282,255851235,24.345453,1.65,Consumer Cyclical,Resorts & Casinos,"MGM Resorts International, through its subsidiaries, operates as a gaming and entertainment company in the United States, China, and internationally. It operates through four segments: Las Vegas Strip Resorts, Regional Operations, MGM China, and MGM Digital. The company operates casino resorts that offer gaming, hotel, convention, dining, entertainment, retail, and other resort amenities, as well as online/digital games through its online platforms. Its casino operations include slots and table games, as well as live dealer, online sports betting, and iGaming through BetMGM. The company's customers include premium gaming customers; leisure and wholesale travel customers; business travelers; and group customers, including conventions, trade associations, and small meetings. The company was formerly known as MGM MIRAGE and changed its name to MGM Resorts International in June 2010. MGM Resorts International was incorporated in 1986 and is based in Las Vegas, Nevada.",NYQ,Mr. William Joseph Hornbuckle IV,United States,,false,false,true,https://www.mgmresorts.com,,USD,60000,Las Vegas,NV,702 693 7120,3600 Las Vegas Boulevard South,,2026-09-10T12:06:20+00:00,2026-09-09T16:47:06+00:00,Equity,0.18925,0.01766,0.44157,0.06788,0.02398,0.01,5.194,17761441792,2237483008,878991104,423588000,90471000,4.020216,17.211,2.168,30158688256,2429917000,41373786000,2760552960,,1.335,1.207,893.311,0,0.5066,0.27875,0.6814,0.1453
MGPI,"MGP Ingredients, Inc.",15.09,337485856,270100,203074,16.129999,14.99,16.27,15.09,-1.119999,-6.909309,16.209999,2026-09-10,,,0.441,21414076,,-11.26,Consumer Defensive,Beverages - Wineries & Distilleries,"MGP Ingredients, Inc. produces and supplies distilled spirits, branded spirits, and food ingredients worldwide. It operates in three segments: Distillery Solutions, Branded Spirits, and Ingredient Solutions. The Distillery Solutions segment processes corn and other grains, including rye, barley, wheat, barley malt, and milo into food grade alcohol and distillery co-products, such as dried distillers' grain; and offers food-grade alcohol for beverage applications, that include bourbon, rye, and other whiskeys, as well as grain neutral spirits, including vodka and gin. This segment also offers warehouse services, including barrel put away, barrel storage, and barrel retrieval services; and blending services. The Branded Spirits segment provides Tequila under the premium plus, ultra-premium, super premium, premium price tiers under the Penelope Bourbon, Yellowstone Bourbon, Rebel Bourbon, Remus Bourbon, Blood Oath Bourbon, Ezra Brooks Bourbon, Minor Case Straight Rye Whiskey, Rossville Union Straight Rye Whiskey, The Quiet Man Irish Whiskey, Green Hat Gin, Everclear grain alcohol, El Mayor Tequila, and Dos Primos names; mid branded spirits under the Brady's Irish Cream, Saint Brendan's Irish Cream Liqueur, Pearl Vodka, Lord Calvert Canadian Whisky, and Exotico Tequila names; and value branded spirits under the Arrow Cordials, Canada House Canadian Whisky, Lady Bligh Rum, and Juarez Tequila names, as well as private label products. The Ingredient Solutions segment provides specialty wheat starches for food applications, such as Fibersym, a resistant wheat starch; specialty wheat proteins for food applications under the Arise and Proterra names; gluten-free textured pea and soy proteins; commodity wheat starch for food and non-food applications; and commodity wheat proteins. It sells its products directly or through distributors to manufacturers and processors of finished packaged goods or to bakeries. The company was founded in 1941 and is based in Atchison, Kansas.",NMS,Ms. Julie M. Francis,United States,,false,false,true,https://www.mgpingredients.com,,USD,617,Atchison,KS,913 367 1480,Cray Business Plaza,2.96,2026-09-10T12:06:21+00:00,2026-09-09T16:47:07+00:00,Equity,-0.33824,0.03374,0.35548,0.14799,-0.484,-0.145,-0.177,500012000,91063000,-73276128,-240652000,4704000,0.571159,7.767,1.415,377974016,718436000,1235864000,17794000,,6.992,1.587,63.975,0.96,1.14,0.32503,0.73055,0.0753
MSTR,Strategy Inc,132.699997,53464178688,17245600,23386819,141.820007,132.589996,141.979996,132.699997,-3.820007,-2.79813,136.520004,2026-09-10,,,3.597,377641410,,-99.15,Technology,Software - Application,"Strategy Inc, together with its subsidiaries, operates as a bitcoin treasury company in the United States, Europe, the Middle East, Africa, and internationally. It offers investors varying degrees of economic exposure to Bitcoin by offering a range of securities, including equity and fixed income instruments. The company also provides AI-powered enterprise analytics software, including Strategy One, which provides non-technical users with the ability to directly access novel and actionable insights for decision-making. In addition, the company provides Strategy Mosaic, a universal intelligence layer that offers enterprises with consistent definitions and governance across data sources, regardless of where that data resides or which tools access it. The company was formerly known as MicroStrategy Incorporated and changed its name to Strategy Inc in August 2025. The company was incorporated in 1989 and is headquartered in Tysons Corner, Virginia.",NMS,Mr. Michael J. Saylor,United States,,false,false,true,https://www.strategy.com,,USD,1539,Tysons Corner,VA,703 848 8600,1850 Towers Crescent Plaza,,2026-09-10T12:06:24+00:00,2026-09-09T16:47:10+00:00,Equity,-0.63562,-0.38731,0.67601,-68.081116,0,0.069,,498347008,-36354969600,-22587523072,-31367133184,53369000,1.619123,-1.959,142.909,6770777088,51042972000,61641082000,2447982080,,5.39,5.221,14.938,0,2.85,0.00224,0.60494,0.0853
MSTU,T-Rex 2X Long MSTR Daily Target ETF,31.5,,4754500,9588227,35.790001,31.5,35.959999,31.5,-1.810001,-5.433808,33.310001,2026-09-10,,,,,40.89301,,,,"The fund, under normal circumstances, invests at least 80% of its net assets (plus any borrowings for investment purposes) in financial instruments that are designed to provide, in the aggregate, 200% exposure to the price performance of MSTR on a daily basis. The fund is non-diversified.",BTS,,,2024-09-18,true,false,true,,,USD,,,,,,0.88,2026-09-10T12:06:26+00:00,2026-09-09T16:47:11+00:00,Equity,,,,,,,,,,,,,,,,,,550507520,,1.05,,,,,,,,
MT,ArcelorMittal S.A.,77.050003,58231451648,902500,1588941,77.309998,76.830002,77.699997,77.050003,-0.099998,-0.129616,77.150002,2026-09-10,,,1.755,752441542,32.516804,2.38,Basic Materials,Steel,"ArcelorMittal S.A., together with its subsidiaries, operates as integrated steel and mining companies in the Americas, Europe, Asia, and Africa. It offers semi-finished flat products, including slabs; finished flat products comprising plates, hot- and cold-rolled coils and sheets, hot-dipped and electro-galvanized coils and sheets, tinplate, and color coated coils and sheets; semi-finished long products, such as blooms and billets; finished long products consisting of bars, wire-rods, structural sections, rails, sheet piles, and wire-products; and seamless and welded pipes and tubes. The company also provides mining products, such as iron ore lumps, fines, concentrate, pellets, and sinter feeds; and coking coal. It sells its products to various customers in the automotive, appliance, engineering, construction, energy, and machinery industries through a centralized marketing organization, and distributors. The company operates iron ore mining activities in Brazil, Bosnia, Liberia, Mexico, South Africa, and Ukraine, as well as in India and in Canada. ArcelorMittal S.A. was founded in 1976 and is headquartered in Luxembourg, Luxembourg.",NYQ,Mr. Lakshmi Nivas Mittal B.Com.,Luxembourg,,false,false,true,https://corporate.arcelormittal.com,,USD,125554,Luxembourg,,352 47 921,"24-26, Boulevard d’Avranches",0.78,2026-09-10T12:06:26+00:00,2026-09-09T16:47:12+00:00,Equity,0.03284,0.01626,0.09003,0.06294,0.02883,0.052,-0.617,62846001152,5449999872,-779124992,1812000000,,2.128965,23.472,2.036,14421000192,54466000000,97703000000,4848000000,,1.429,0.418,25.379,0.2416,0.42,0,0.05474,0.0033
MTH,Meritage Homes Corporation,63.82,4149634304,803900,849474,64.550003,63.509998,64.980003,63.82,-0.610001,-0.946765,64.43,2026-09-10,,,1.357,65174093,13.264583,4.8,Consumer Cyclical,Residential Construction,"Meritage Homes Corporation, together with its subsidiaries, designs and builds single-family attached and detached homes in the United States. The company operates through two segments: Homebuilding and Financial Services. It acquires and develops land; and constructs, markets, and sells homes for entry-level and first move-up buyers in Arizona, California, Colorado, Utah, Texas, Alabama, Florida, Georgia, Mississippi, North Carolina, South Carolina, and Tennessee. The company also provides title and escrow, mortgage, insurance, title insurance, and closing/settlement services to its homebuyers. Meritage Homes Corporation was founded in 1985 and is based in Scottsdale, Arizona.",NYQ,Mr. Steven J. Hilton,United States,,false,false,true,https://www.meritagehomes.com,,USD,1860,Scottsdale,AZ,480 515 8100,18655 North Claret Drive,2.98,2026-09-10T12:06:28+00:00,2026-09-09T16:47:13+00:00,Equity,0.06377,0.03346,0.18276,0.08185,0.06107,-0.138,-0.328,5391501824,433967008,293902112,329267008,19683000,0.820416,12.211,0.983,1907177984,5195643000,7622287000,807267008,,14.355,2.181,37.707,0.3792,0.54,0.02595,1.0605,0.1016
NAAS,NaaS Technology Inc.,3.26,55941588,13500,23477,3.209,3.2,3.33,3.26,0.16,5.161293,3.1,2026-09-10,,,1.543,16641753,,-26.79,Consumer Cyclical,Specialty Retail,"NaaS Technology Inc. provides electric vehicle (EV) charging services in China. It offers online EV charging solutions to charging stations, including mobility connectivity services through Kuaidian; SaaS products, such as traffic support and management, marketing, payment, chargers management, order management, load management, and membership management; and operates full station. The company also provides energy solutions comprising site selection; hardware procurement; engineering, procurement, and construction for charging stations. In addition, it integrates smart photovoltaics energy storage and power charging for station upgrade, as well as offline operational and management services. Further, the company is involved in providing electricity procurement services to charging stations; cloud-based virtual power plant platform to facilitate the establishment of a modern energy system for charging stations. Additionally, it offers other amenities and ancillary services, such as vending machines, massage chairs, and car wash tunnels, as well as design and decoration, furniture, ands fixture procurement. The company is headquartered in Beijing, China.",NCM,Ms. Yang  Wang,China,,false,false,true,https://www.enaas.com/en/,,USD,181,Beijing,,86 10 8551 1066,"Newlink Center, Area G, Building 7",,2026-09-10T12:06:28+00:00,2026-09-09T16:47:14+00:00,Equity,,-0.13182,0.84153,0.62372,0,-0.317,,103999000,-95296496,,-488222016,-17505000,-0.237224,-6.007,5.504,573496000,-933983000,312572000,77233000,,0.188,0.085,,0,,0.00451,0.00076,0.0042
NAVI,Navient Corporation,9.28,879223360,1208600,1121637,9.42,9.2,9.45,9.28,-0.190001,-2.006341,9.47,2026-09-10,,,1.202,93783828,,-0.48,Financial Services,Credit Services,"Navient Corporation provides technology-enabled education finance  for education in the United States. It operates through two segments: Federal Education Loans and Consumer Lending. The company owns and manages portfolio of private education loans; and offers education lending and digital financial services, in-school student loans, and refinancing products under Earnest brand. It also owns Federal Family Education Loan Program (FFELP) loans that are insured or guaranteed by state or not-for-profit agencies; and performs servicing on its portfolios, as well as federal education loans held by other institutions. Navient Corporation was founded in 1973 and is headquartered in Herndon, Virginia.",NMS,Mr. Edward John Bramson,United States,,false,false,true,https://www.navient.com,,USD,670,Herndon,VA,302 283 8000,13865 Sunrise Valley Drive,6.76,2026-09-10T12:06:29+00:00,2026-09-09T16:47:15+00:00,Equity,-0.01975,-0.001,1,0.33871,-0.14671,0.042,1,334000000,,,-49000000,21000000,0.366655,,133.294,44428001280,2399000000,48681000000,796000000,,10.745,10.415,1852.711,2,0.13,0.02291,1.07919,0.2613
NEU,NewMarket Corporation,862.469971,7971904512,127200,120129,862.73999,833.429993,870.400024,862.469971,-5.230042,-0.602748,867.700012,2026-09-10,,,0.565,9196406,18.637928,46.51,Basic Materials,Specialty Chemicals,"NewMarket Corporation, through its subsidiaries, primarily engages in the manufacture and sale of petroleum additives. It offers lubricant additives for use in various vehicle and industrial applications, including engine oils, transmission fluids, off-road powertrain and hydraulic systems, gear oils, hydraulic oils, turbine oils, and other applications where metal-to-metal moving parts are utilized; engine oil additives designed for passenger cars, motorcycles, on and off-road heavy duty commercial equipment, locomotives, and engines in ocean-going vessels; driveline additives designed for products, such as transmission fluids, axle fluids, and off-road powertrain fluids; and industrial additives designed for products for industrial applications consisting of hydraulic fluids, greases, industrial gear fluids, and industrial specialty applications comprising turbine oils. The company also provides fuel additives that are used to enhance the oil refining process and the performance of gasoline, diesel, biofuels, and other fuels to industry, government, original equipment manufacturers, and individual customers. In addition, it engages in the marketing of antiknock compounds, as well as contracted manufacturing and related services; and owns and manages a real property in Virginia. The company operates in North America, Latin America, the Asia Pacific, Europe, the Middle East, Africa, India, and internationally. NewMarket Corporation was founded in 1887 and is headquartered in Richmond, Virginia.",NYQ,Mr. Thomas E. Gottwald,United States,,false,false,true,https://www.newmarket.com,,USD,2050,Richmond,VA,804 788 5000,330 South Fourth Street,1.38,2026-09-10T12:06:32+00:00,2026-09-09T16:47:18+00:00,Equity,0.25123,0.11084,0.31494,0.23868,0.15802,0.07,0.229,2742524928,732950976,435517888,431668992,,4.336462,12.042,3.218,939929984,1778243000,3492465000,93599000,,2.252,1.124,51.129,0.2529,5.64,0.19161,0.67908,0.0718
NIVF,NewGenIvf Group Limited,1.1,2455553,137200,474025,1.09,1.05,1.22,1.1,-0.01,-0.9009,1.11,2026-09-10,,,-0.039,2122623,0.003503,328.32,Healthcare,Medical Care Facilities,"NewGenIvf Group Limited, an investment holding company, provides an assisted reproductive service that helps couples and individuals for fertility treatments in Thailand, Cambodia, Hong Kong, and Kyrgyzstan. The company provides a range of fertility treatment solutions, including in vitro fertilization (IVF), ICSI, embryo culture, hormonal blood tests, infectious diseases tests, chromosome screening, hysteroscopy, sperm analysis, sorting, washing, and freezing, and egg freezing. It also offers IVF treatment; surrogacy and ancillary caring services, and value-added services comprising nutrition guidance, psychological counselling, acupuncture, and translation interpreters to supplement the IVF treatment. The company provides its services through clinics. NewGenIvf Group Limited was founded in 2010 and is based in Bangkok, Thailand.",NCM,Mr. Wing Fung  Siu,Thailand,2024-04-04,false,false,true,https://www.nivf.global,,USD,87,Bangkok,,,PS Tower,,2026-09-10T12:06:34+00:00,2026-09-09T16:47:20+00:00,Equity,0.79402,-0.36936,0.20223,-3.49133,2.09025,0.119,,4726433,-10538352,-10464332,9879408,,0.001156,-0.317,0.706,4870307,26631519,32722769,958556,,3.12,0.825,18.742,0,,,,0.029
NMR,"Nomura Holdings, Inc.",10.45,30614163456,964900,985238,10.63,10.43,10.63,10.45,-0.18,-1.693324,10.63,2026-09-10,,,0.607,2922593052,12.323529,0.85,Financial Services,Capital Markets,"Nomura Holdings, Inc. engages in the provision of investment, financing, and related services to individual, institutional, and government clients worldwide. It operates through three segments: Wealth Management, Investment Management, and Wholesale. The Wealth Management segment offers asset management services. The Investment Management segment provides investment management services and investment solutions, such as establishing and managing investment trusts, discretionary investment services, investment and management for investment vehicles, funds for institutional investors, and management of silent partnerships. The Wholesale segment is involved in the sales and trading of debt and equity securities, foreign exchange; offers investment banking services, including underwriting and distribution of debt and equity securities, mergers and acquisitions, and financial advisory services. Nomura Holdings, Inc. was incorporated in 1925 and is headquartered in Tokyo, Japan.",NYQ,Mr. Kentaro  Okuda,Japan,,false,false,true,https://www.nomuraholdings.com,,USD,28677,Tokyo,,81 3 5255 1000,"13-1, Nihonbashi 1-chome",3.05,2026-09-10T12:06:35+00:00,2026-09-09T16:47:22+00:00,Equity,0.11158,0.0067,0.77976,0.30805,0.17293,0.312,0.42,2331112112128,,,403125010432,40836000000,1.271999,,-6.527,37764913430528,3707868000000,62645925000000,53169757356032,,1.544,1.528,945.609,0.3738,0.81,0,0.03198,0.0006
NRDY,Nerdy Inc.,8.7,627321216,45100,46343,8.83,8.56,8.94,8.7,-0.27,-3.010038,8.97,2026-09-10,,,1.714,8500000,,-3.75,Technology,Software - Application,"Nerdy Inc. operates platform for live online learning in the United States. The company's platform uses artificial intelligence to connect students, users, parents, guardians, and purchasers of various ages to tutors, instructors, subject matter experts, educators, and other professionals. Its learning destination provides learning experiences across various subjects and multiple formats, including one-on-one instruction, small group tutoring, large format classes, tutor chat, essay review, adaptive assessment, and self-study tools. The company operates Varsity Tutors and Varsity Tutors for Schools platform for live online tutoring and classes. It provides solutions directly to learners, as well as through education systems. Nerdy Inc. was founded in 2007 and is headquartered in Saint Louis, Missouri.",NYQ,Mr. Charles  Cohn,United States,,false,false,true,https://www.nerdy.com,,USD,500,Saint Louis,MO,314 412 1227,8001 Forsyth Boulevard,,2026-09-10T12:06:36+00:00,2026-09-09T16:47:23+00:00,Equity,-1.22603,-0.33112,0.65325,-0.1294,-0.16988,-0.045,,178096000,-35464000,-1831750,-30255000,27807000,4.257353,-1.922,0.383,21460000,19009000,76166000,38424000,,2.699,2.488,82.729,0,,0.51914,0.12456,0.0683
NRG,"NRG Energy, Inc.",115.370003,24381261824,2840400,2828585,118.550003,114.589996,118.93,115.370003,-4.269997,-3.569038,119.639999,2026-09-10,,,1.173,210210483,30.204428,3.84,Utilities,Utilities - Independent Power Producers,"NRG Energy, Inc., together with its subsidiaries, operates as an energy and home services company in the United States and Canada. It operates through the Texas, East, West/Other, Vivint Smart Home, and Corporate Activities segments. The company offers retail electricity, energy management, demand response and virtual power plant programs, carbon offsets, smart home security, and automation services. It also offers system power, distributed and backup generation, energy storage, energy management, renewable and low-carbon products, and carbon management solutions for large business and commercial customers; a cloud-based home platform, including hardware, software, sales, installation, customer service, technical support, and professional monitoring solutions; and generation portfolio includes fossil fuel and renewable generation assets diversified by fuel type and dispatch level, with ongoing development of new natural gas and renewable projects. In addition, the company trades in power, natural gas, and related products; environmental products; weather products; and financial products, including forwards, futures, options, and swaps. It offers its products and services under the NRG, Reliant, Direct Energy, Green Mountain Energy, and Vivint. It serves residential, commercial, government, industrial, data center, and wholesale customers. NRG Energy, Inc. was founded in 1989 and is headquartered in Houston, Texas.",NYQ,Mr. Robert J. Gaudette,United States,,false,false,true,https://www.nrg.com,,USD,16702,Houston,TX,713 537 3000,1301 McKinney Street,1.59,2026-09-10T12:06:37+00:00,2026-09-09T16:47:24+00:00,Equity,0.23772,0.04061,0.18795,0.12766,0.02563,0.11,,33124999168,3252999936,772374976,782000000,134000000,5.800991,15.095,1.482,23466999808,1681000000,29140000000,162000000,,0.968,0.371,483.357,0.4766,0.4591,0.04457,0.95845,0.0389
NU,Nu Holdings Ltd.,15,73450618880,68309800,76361401,15.18,14.99,15.28,15,-0.33,-2.152641,15.33,2026-09-10,,,0.94,3808087961,20.828766,0.73,Financial Services,Banks - Regional,"Nu Holdings Ltd. provides digital banking platform in Brazil, Mexico, Colombia, the Cayman Islands, and the United States. The company provides spending solutions comprising Nu credit and prepaid card, a digitally enabled card that acts as a credit and a prepaid card; Nubank+ Tier, an evolution of the Nu experience; Ultraviolet credit and prepaid card, a premium metal credit card; mobile payment solutions for NuAccount customers to make and receive transfers, pay bills, and make everyday purchases through their mobile phones; and Nu Shopping, an integrated marketplace that enables customers to purchase goods and services from various ecommerce retailers. It also offers transactional solutions, such as Nu Personal Accounts, a digital account solution for personal financial activities; Nu business accounts for entrepreneur customers and their businesses; and Nu business prepaid and credit card. In addition, it offers savings and investing solutions, including Money Boxes, a solution for goal-based investing; investing solutions, an attractive investment product with customized and conflict-free guidance; and NuCrypto, a solution for buying and selling cryptocurrencies through the Nu app. Further, the company provides borrowing solutions comprising personal unsecured and secured loans; Pix financing that enables credit card and digital account customers to make free and instant peer-to-peer transfers; Boleto financing, which enables credit card and digital account customers to make payments; purchase financing; cash-in financing; and NuPay to make online purchases and pay for services through Nu app. Additionally, it offers protection solutions, such as NuInsurance protection solutions, including life, mobile, auto, home, and financial protection insurance policies; and beyond financial services solutions, including NuTravel, a travel portal; and NuCel, a mobile phone service. Nu Holdings Ltd. was founded in 2013 and is based in Sao Paulo, Brazil.",NYQ,Mr. David  Velez-Osomo,Brazil,2021-12-09,false,false,true,https://nubank.com.br,,USD,,Sao Paulo,SP,,"Rua Capote Valente, 39",,2026-09-10T12:06:38+00:00,2026-09-09T16:47:25+00:00,Equity,0.31628,0.04963,0,0.50154,0.42728,0.521,0.663,8442067968,,,3607106048,271845000,5.543201,,7.674,5896687104,11290948000,74893877000,15170837504,,,,,0,0.7061,0.02029,0.82045,0.0344
NUWE,"Nuwellis, Inc.",0.8,2444853,130000,3483128,0.79,0.77,0.81,0.8,0.01,1.265822,0.79,2026-09-10,,,0.234,3175134,0.000302,2548.34,Healthcare,Medical Devices,"Nuwellis, Inc., a medical device company, develops, manufactures, and commercializes medical devices used in ultrafiltration therapy. The company provides Aquadex FlexFlow and Aquadex SmartFlow systems, which are used to treat patients suffering from fluid overload due to heart failure, as well as Aquadex SmartFlow system for temporary use in adult and pediatric patients. The company was formerly known as CHF Solutions, Inc. and changed its name to Nuwellis, Inc. in April 2021. Nuwellis, Inc. was founded in 1999 and is headquartered in Eden Prairie, Minnesota.",NCM,Mr. Michael Kendrick McCormick,United States,,false,false,true,https://www.nuwellis.com,,USD,38,Eden Prairie,MN,952 345 4200,12988 Valley View Road,,2026-09-10T12:06:39+00:00,2026-09-09T16:47:26+00:00,Equity,,-0.87833,0.69688,-1.60945,-1.2563,0.141,,9013000,-12725000,-11442250,-11318000,127000,-0.215264,0.066,-0.093,200000,2630000,6118000,3922000,,1.971,1.364,,0,,0.06116,0.02591,0.0285
NVDD,Direxion Daily NVDA Bear 1X Shares,29.870001,,171000,164569,29.74,29.57,29.91,29.870001,0.280001,0.946268,29.59,2026-09-10,,,,,,,,,"The fund, under normal circumstances, invests at least 80% of the it’s net assets (plus borrowings for investment purposes) in financial instruments, including swap agreements and options, that, in combination, provide 1X daily inverse (opposite) or short exposure to NVDA, consistent with the fund’s investment objective. The fund is non-diversified.",NGM,,,2023-09-13,true,false,true,,,USD,,,,866-476-7523,,4.07,2026-09-10T12:06:40+00:00,2026-09-09T16:47:27+00:00,Equity,,,,,,,,,,,,,,,,,,20366156,,1.01,,,,,,,,
NVDL,GraniteShares 2x Long NVDA Daily ETF,35.529999,,6574100,14653245,35.994999,35.419998,36.290001,35.529999,-0.650002,-1.796577,36.18,2026-09-10,,,,,,,,,The fund is an actively managed exchange traded fund that attempts to replicate 2 times (200%) the daily percentage change of the underlying stock by entering into financial instruments such as swaps and options on the underlying stock as well as directly purchasing the underlying stock. The fund will aim to primarily obtain its notional exposure against the underlying stock through swap agreements. It is non-diversified.,NGM,,,2022-12-13,true,false,true,,,USD,,,,,,0,2026-09-10T12:06:41+00:00,2026-09-09T16:47:28+00:00,Equity,,,,,,,,,,,,,,,,,,3940394496,,1.05,,,,,,,,
NWL,Newell Brands Inc.,6,2589472000,7618300,10789248,6.27,5.94,6.37,6,-0.34,-5.362778,6.34,2026-09-10,,,0.887,425900000,,-0.53,Consumer Defensive,Household & Personal Products,"Newell Brands Inc. engages in the design, manufacture, sourcing, and distribution of consumer and commercial products worldwide. The company operates in three segments: Home and Commercial Solutions, Learning and Development, and Outdoor and Recreation. The Commercial Solutions segment provides commercial cleaning and maintenance solution products under the Rubbermaid, Rubbermaid Commercial Products, Mapa, and Spontex brands; closet and garage organization products; hygiene systems and material handling solutions; household products, such as kitchen appliances under the Crockpot, Mr. Coffee, Oster, and Sunbeam brands; small appliances under the Breville brand name in Europe; food and home storage products under the FoodSaver, Rubbermaid, Ball, and Sistema brands; fresh preserving products; vacuum sealing products; and gourmet cookware, bakeware, and cutlery under the Calphalon brand; and home fragrance products under the Chesapeake Bay, WoodWick, and Yankee Candle brands. The Learning and Development segment offers writing instruments, including markers and highlighters, pens, and pencils; art products; activity-based products; labeling solutions; and baby gear and infant care products under the Dymo, Elmer's, EXPO, Graco, NUK, Paper Mate, Parker, and Sharpie brands. The Outdoor and Recreation segment provides outdoor and outdoor-related products, inlcuding technical apparel and on-the-go beverageware under the Bubba, Campingaz, Coleman, Contigo, and Marmot brands. It serves large mass merchandisers, discount stores, home centers, warehouse clubs, office superstores, direct-to-consumer channels, specialty retailers and wholesalers, commercial distributors and e-commerce retailers, grocery stores, and sporting goods, as well as direct to consumers online, select contract customers, and other professional customers. The company was founded in 1903 and is headquartered in Atlanta, Georgia.",NMS,Mr. Christopher H. Peterson,United States,,false,false,true,https://www.newellbrands.com,,USD,21900,Atlanta,GA,770 418 7000,5 Concourse Parkway NE,4.42,2026-09-10T12:06:42+00:00,2026-09-09T16:47:29+00:00,Equity,-0.08594,0.03296,0.35468,0.14744,-0.0305,0.03,1.266,7246000128,909000000,408624992,-221000000,68000000,1.055189,9.022,1.132,5710000128,2391000000,10715000000,209000000,,1.111,0.427,232.966,1.9574,0.97,0.01376,1.0756,0.1644
NXST,"Nexstar Media Group, Inc.",164.910004,4951817728,684000,389574,167.839996,158.809998,170.770004,164.910004,-4.23999,-2.506645,169.149994,2026-09-10,,,0.887,30808301,30.441286,5.28,Communication Services,Broadcasting,"Nexstar Media Group, Inc. operates as a diversified media company that produces and distributes local and national news, sports, and entertainment contents on the television and digital platforms in the United States. It owns, operates, programs, or provides sales and other services to power television and radio stations; and provides television programming services. The company offers video and display advertising platforms through its own and various third party websites, mobile and over-the-top applications, digital media solutions to media publishers and advertisers, and a consumer product reviews platform. In addition, it owns NewsNation, a national cable news network; and WGN-AM, a Chicago radio station, as well as owns and operates digital multicast networks. Further, its digital assets include 125 local websites, 229 mobile applications, 110 connected television applications, television channels from The CW and The Hill, BestReviews, and advertising solutions. Additionally, the company engages in the digital business. Its stations are affiliates of ABC, NBC, FOX, CBS, The CW, MyNetworkTV, and other broadcast television networks. Nexstar Media Group, Inc. was formerly known as Nexstar Broadcasting Group, Inc. and changed its name to Nexstar Media Group, Inc. in January 2017. The company was founded in 1996 and is headquartered in Irving, Texas.",NMS,Mr. Perry A. Sook,United States,,false,false,true,https://www.nexstar.tv,,USD,,Irving,TX,972 373 8800,545 East John Carpenter Freeway,4.4,2026-09-10T12:06:43+00:00,2026-09-09T16:47:30+00:00,Equity,0.07434,0.05092,0.55071,0.21224,0.03199,0.622,0.18,5875999744,1699000064,800625024,166000000,78000000,2.186089,10.051,2.906,12085000192,2064000000,10846000000,218000000,,1.562,1.403,533.79,1.4091,0.2854,0.06687,1.032,0.1173
OKUR,"OnKure Therapeutics, Inc.",3.38,138493328,80100,254600,3.38,3.319,3.49,3.38,-0.02,-0.588235,3.4,2026-09-10,,,,40496309,,-3.03,Healthcare,Biotechnology,"OnKure Therapeutics, Inc., a clinical-stage biopharmaceutical company, focuses on the discovery and development of precision medicines that target biologically validated drivers of cancers and other diseases. Its lead product candidate includes OKI-219, a selective inhibitor of phosphoinositide 3-kinase alpha (PI3Ka) harboring the H1047R mutation that is in Phase 1 clinical trial for the treatment of solid tumors, including breast cancer. The company was founded in 2011 and is headquartered in Boulder, Colorado.",NGM,Dr. Nicholas A. Saccomano Ph.D.,United States,,false,false,true,https://onkuretherapeutics.com,,USD,45,Boulder,CO,720-307-2892,6707 Winchester Circle,,2026-09-10T12:06:44+00:00,2026-09-09T16:47:32+00:00,Equity,-0.46913,-0.29265,0,0,0,,,,-61737000,-27106500,-58705000,11633000,0.804682,0.612,,926000,56184000,62117000,176386000,,26.747,26.552,0.538,0,,0.10449,0.87225,0.0295
OPK,"OPKO Health, Inc.",1.54,1175467008,1415800,3596319,1.58,1.53,1.6,1.54,-0.05,-3.144659,1.59,2026-09-10,,,1.502,746328225,,-0.07,Healthcare,Diagnostics & Research,"OPKO Health, Inc. operates as a healthcare company, in the United States, Ireland, Chile, Spain, Israel, Mexico, and internationally. The company operates in two segments, Pharmaceutical and Diagnostics. The Pharmaceutical segment develops MDX2001, a tetra-specific antibody targeting several types of solid tumors in Phase 1 clinical trials; MDX2003, a tetra-specific antibody targeting two antigens for hematological tumors in Phase 1 clinical trials; and MDX2004, a trispecific immune modulator to rebuild and sustain the patient's own immune system. This segment also engages in the development of Epstein Barr Virus vaccine; Rayaldee, a patented extended-release product for oral administration containing 30 mcg of a prohormone; OPK-88006 oral and injectable product to regulate blood glucose and reduce body weight; NGENLA, recombinant human growth hormone product developed for the long-term treatment of pediatric patients with growth hormone deficiency. The Diagnostics segment offers laboratory testing services, such as detection, diagnosis, evaluation, monitoring, and treatment of diseases, as well as esoteric testing, molecular diagnostics, anatomical pathology, genetics, women's health, and correctional healthcare under the BioReference brand; and 4Kscore test. OPKO Health, Inc. was founded in 2006 and is headquartered in Miami, Florida.",NMS,"Dr. Phillip  Frost M.D., Ph.D.",United States,,false,false,true,https://www.opko.com,,USD,2275,Miami,FL,305 575 4100,4400 Biscayne Boulevard,,2026-09-10T12:06:46+00:00,2026-09-09T16:47:34+00:00,Equity,-0.05876,-0.05519,0.19472,-0.15309,-0.12398,0.043,,587897024,-78172000,54760376,-72890000,10714000,0.992439,-16.425,2.184,398083008,1267959000,1931944000,300760992,,3.349,2.651,33.617,0,93.65,0.50521,0.27593,0.0811
OSCR,"Oscar Health, Inc.",31.76,9697626112,5204000,5521237,33.150002,30.440001,33.200001,31.76,-1.249998,-3.786726,33.009998,2026-09-10,,,2.369,273469000,24.169231,1.3,Healthcare,Healthcare Plans,"Oscar Health, Inc. operates as a healthcare technology company in the United States. The company offers health plans to individuals, families, employees, and small group markets. It also provides +Oscar platform that power others throughout the healthcare system; Campaign Builder platform, an engagement and recommendation platform for providers and payors; and reinsurance products. In addition, the company offers brokerage services and enrollment platform for brokers and consumers to shop, buy, and enroll in medical and supplemental health products. The company was formerly known as Mulberry Health Inc. and changed its name to Oscar Health, Inc. in January 2021. Oscar Health, Inc. was incorporated in 2012 and is headquartered in New York, New York.",NYQ,Mr. Mark Thomas Bertolini,United States,2021-03-03,false,false,true,https://www.hioscar.com,,USD,2305,New York,NY,646 403 3677,75 Varick Street,,2026-09-10T12:06:47+00:00,2026-09-09T16:47:35+00:00,Equity,0.34257,0.0447,0.20158,0.07963,0.03595,0.704,,15318633472,657964032,692531392,550742976,87654000,4.719844,3.203,0.138,482095008,977648000,6325411000,8555517952,,1.079,1.049,23.458,0,,0.05235,0.73865,0.065
OSIS,"OSI Systems, Inc.",197.490005,3169263360,381500,247772,202.75,195.759995,205.770004,197.490005,-6.759995,-3.309667,204.25,2026-09-10,,,1.2,15941968,22.212292,8.95,Technology,Electronic Components,"OSI Systems, Inc. designs and manufactures specialized electronic systems and components for critical applications in the United States, Mexico, the rest of Americas, the United Kingdom, Europe, the Middle East, Africa, and the Asia-Pacific. The company offers security products, such as baggage and parcel inspection, cargo and vehicle inspection, hold baggage screening, people screening, radiation monitoring, explosive and narcotics trace detection, and optical inspection systems; turnkey security screening services for enterprise inspection process integration, operator training, and the staffing and operation of security screening checkpoints under the S2 brand. It also provides trace detection systems for trace amounts of explosives and narcotics and people screening products, including walk-through metal detectors for use at security checkpoints at airports, government buildings, sports arenas, and other venues; digital and analog high-power RF systems; and active components for detection of lights of different wavelengths and converts light into electrical signals. In addition, the company offers devices for emitting light in the form of lasers; passive components for amplifying, separating, and reflecting light under the OSI Optoelectronics brand; and printed circuit board assemblies, cable and harness assemblies, and complete systems. Further, it provides bedside monitors, such as the Xprezzon and Qube, as well as telemetry solutions; Spacelabs SafeNSound for assisting hospitals; predictive analytics clinical decision support solutions; Pathfinder SL and Lifescreen Pro analysis tools; and Eclipse Pro Holter recorders. Additionally, the company offers Eclipse Mini Ambulatory ECG recorders; ambulatory blood pressure monitors; Spacelabs OnTrak ambulatory blood pressure systems; Sentinel, a cardiology information management system; and multivendor compatible accessories. OSI Systems, Inc. was incorporated in 1987 and is headquartered in Hawthorne, California.",NMS,Mr. Ajay  Mehra,United States,,false,false,true,https://www.osi-systems.com,,USD,7806,Hawthorne,CA,310 978 0516,12525 Chadron Avenue,,2026-09-10T12:06:48+00:00,2026-09-09T16:47:36+00:00,Equity,0.17344,0.05941,0.33208,0.14169,0.08663,-0.041,0.078,1785984000,268091008,209244624,154711008,26433000,3.799113,14.719,2.21,1049841984,832961000,2502452000,359832000,,3.153,2.232,126.037,0,1.5102,0.04872,1.24749,0.1587
OVV,Ovintiv Inc.,64.370003,17829636096,2674600,3356303,65.139999,64.290001,65.5,64.370003,0.270004,0.421224,64.099998,2026-09-10,,,0.541,276600000,18.005587,3.58,Energy,Oil & Gas E&P,"Ovintiv Inc., together with its subsidiaries, operates as an oil and natural gas exploration and production company in North America. The company operates through USA Operations and Canadian Operations segments. It is involved in the exploration, development, production, and marketing of oil, NGLs, natural gas and other related activities in the Permian in West Texas and Anadarko in West-central Oklahoma in the United States, as well as in the Montney in northwest Alberta and northeast British Columbia. The company was formerly known as Encana Corporation and changed its name to Ovintiv Inc. in January 2020. Ovintiv Inc. was incorporated in 2020 and is based in Denver, Colorado.",NYQ,Mr. Brendan Michael McCracken,United States,,false,false,true,https://www.ovintiv.com,,USD,1465,Denver,CO,303 623 2300,370 17th Street,1.87,2026-09-10T12:06:49+00:00,2026-09-09T16:47:37+00:00,Equity,0.08411,0.08638,0.53859,0.36177,0.09661,0.297,0.373,9523000320,4881999872,1230499968,920000000,,1.550526,4.504,2.309,5029000192,11195000000,20390000000,700000000,,1.008,0.924,43.734,0.3352,3.8692,0.00467,0.96932,0.0484
PALI,"Palisade Bio, Inc.",2.05,367710848,2774700,2842154,2.17,2.05,2.21,2.05,-0.15,-6.818186,2.2,2026-09-10,,,1.547,174270558,3.246154,0.65,Healthcare,Biotechnology,"Palisade Bio, Inc., a clinical-stage biopharmaceutical company, engages in developing oral phosphodiesterase-4 inhibitor prodrugs designed for targeted delivery to the terminal ileum and colon in the United States. Its lead clinical product candidate includes PALI-2108, which is in phase 1b clinical trial to treat patients with inflammatory bowel disease, including ulcerative colitis and Fibrostenotic Crohn's disease. The company has a research collaboration and license agreement with Giiant Pharma, Inc. for the development, manufacture, and commercialization of its compounds; license agreement with the Regents of the University of California for sole purpose of maintaining the Newsoara Co-Development; and a co-development and distribution agreement with Newsoara Biopharma Co., Ltd. The company was founded in 2001 and is headquartered in Denver, Colorado.",NCM,Mr. J. D. Finley,United States,,false,false,true,https://www.palisadebio.com,,USD,14,Denver,CO,858 704 4900,4600 South Syracuse Street,,2026-09-10T12:06:50+00:00,2026-09-09T16:47:38+00:00,Equity,-0.51365,-0.32979,1,-23.396002,0,,,500000,-35346500,-8654125,-31941000,3955000,3.009986,-7.306,516.45,0,129380000,134344000,125172000,,24.258,23.956,,0,,0.01952,1.01504,0.1917
PARA,"Banzai International, Inc.",1.06,3710754,107000,264900,1.08,1.02,1.084,1.06,0.01,0.95238,1.05,2026-09-10,,,-1.068,3517105,0.064907,16.1,Technology,Software - Application,"Banzai International, Inc., a marketing technology company, provides data-driven marketing and sales solutions for various businesses in the Americas, Europe, the Middle East, Africa, and the Asia Pacific. It operates through three segments: Banzai Operating Co., Inc; OpenReel; and Vidello. The company's software-as-a-service products include OpenReel, an AI-powered video creation platform to remotely record, edit, host, and share videos from any location; CreateStudio, a video animation and editing software for an intuitive drag-and-drop interface; and Vidello, a video hosting and marketing platform designed to help businesses manage, customize, and optimize their video content. It offers Demio, a browser-based webinar platform for businesses to businesses create, host, and manage both live and automated webinars; Boost, an add-on product integrated with Demio that helps customers increase webinar attendance by turning existing registrants into advocates; Reach, a targeted outreach tool that helps customers boost demand generation campaigns by connecting directly with ideal audience; and Curate by Banzai is an AI-driven newsletter platform designed to help brands to grow their audience through automated targeted newsletters. In addition, the company offers Photo Vibrance, transform static images into dynamic visuals; and Twinkle, enhance video content with royalty-free audio. It serves healthcare, financial services, e-commerce, technology, media, and other industries. Banzai International, Inc. was founded in 2015 and is based in Bainbridge Island, Washington.",NCM,Mr. Joseph P. Davy,United States,,false,false,true,https://www.banzai.io,,USD,33,Bainbridge Island,WA,206 414 1777,435 Ericksen Ave NE,,2026-09-10T12:06:51+00:00,2026-09-09T16:47:39+00:00,Equity,-3.1585,-0.35778,0.81179,-1.92961,-2.28738,-0.273,,10624419,-17672508,-10209488,-24302076,2679231,0.229923,-0.557,0.927,6767000,8055001,31631514,646000,,0.1,0.06,55.331,0,,0.02134,0.02979,0.0838
PCAR,PACCAR Inc,121.879997,63474348032,2373500,3233490,121.739998,120.440002,122.5,121.879997,-0.620003,-0.506125,122.5,2026-09-10,,,0.972,526364953,25.387367,4.75,Industrials,Farm & Heavy Construction Machinery,"PACCAR Inc designs, manufactures, and distributes light, medium, and heavy-duty commercial trucks in the United States, Canada, Australia, Mexico, Europe, Central and South America, and internationally. It operates through three segments: Truck, Parts, and Financial Services. The Truck segment designs, manufactures, and distributes trucks for the over-the-road and off-highway hauling of commercial and consumer goods; and diesel engine products. It sells its trucks through a network of independent dealers under the Kenworth, Peterbilt, and DAF nameplates. The Parts segment distributes aftermarket parts for trucks and related commercial vehicles. The Financial Services segment conducts full-service leasing operations under the PacLease trade name, as well as provides finance and leasing products and services to customers and dealers. This segment offers equipment financing and administrative support services for its franchisees; retail loan and leasing services for small, medium, and large commercial trucking companies, as well as independent owners/operators and other businesses; and truck inventory financing services to independent dealers. In addition, this segment offers loans and leases directly to customers for the acquisition of trucks and related equipment; and operates its own full-service lease outlets. The company manufactures and markets industrial winches under the Braden, Carco, and Gearmatic nameplates. PACCAR Inc was founded in 1905 and is headquartered in Bellevue, Washington.",NMS,Mr. R. Preston Feight,United States,,false,false,true,https://www.paccar.com,,USD,25900,Bellevue,WA,425 468 7400,777 - 106th Avenue N.E.,1.14,2026-09-10T12:06:52+00:00,2026-09-09T16:47:40+00:00,Equity,0.12756,0.04116,0.13715,0.12024,0.09003,0.005,0.042,27815800832,3271600128,1943650048,2504199936,,3.123527,21.588,2.539,14816300032,19264000000,44336200000,8667400192,,5.519,4.888,72.91,0.2821,0.9976,0.01858,0.76338,0.0228
PCT,"PureCycle Technologies, Inc.",6.27,1280768256,2517500,4964806,6.68,6.25,6.76,6.27,-0.24,-3.68664,6.51,2026-09-10,,,2.575,200904810,,-1.47,Industrials,Pollution & Treatment Controls,"PureCycle Technologies, Inc. engages in the production of recycled polypropylene (PP) in Thailand. The company holds a license for restoring waste PP into ultra-pure recycled PP resin, PureFive, which has various applications, including packaging and labeling for consumer products, textiles, and plastic parts for various industries. Its recycling process separates color, odor, other plastics, and additives through a physical separation process. The company was founded in 2015 and is headquartered in Orlando, Florida.",NCM,Mr. Dustin  Olson,United States,2021-03-18,false,false,true,https://www.purecycle.com,,USD,174,Orlando,FL,877 648 3565,20 North Orange Avenue,,2026-09-10T12:06:53+00:00,2026-09-09T16:47:41+00:00,Equity,-0.61555,-0.10157,0,-9.1609,0,1.735,,13764000,-136923008,-162571120,-233072992,14935000,82.792206,-14.155,140.812,539526976,45887000,922666000,224816000,,2.602,2.301,162.983,0,,0.02664,0.89493,0.3814
PEMX,Putnam Emerging Markets Ex-China ETF,87.891998,,500,3308,88.050003,87.891998,88.050003,87.891998,-0.188004,-0.213446,88.080002,2026-09-10,,,,,15.703301,,,,"Under normal circumstances, the fund invests at least 80% of the fund’s net assets in securities of emerging market companies excluding companies domiciled, or whose stock is listed for trading on an exchange, in China, as well as companies domiciled in Hong Kong. Putnam Management invests significantly in small and mid-size companies. In evaluating potential investments, Putnam Management seeks high-quality companies with mispriced earnings growth that can potentially deliver excess return over the fund’s benchmark. The fund is non-diversified.",PCX,,,,true,false,true,,,USD,,,,6177601060,,1.12,2026-09-10T12:06:54+00:00,2026-09-09T16:47:42+00:00,Equity,,,,,,,,,,,,,,,,,,32191940,,0.7,,,,,,,,
PENN,"PENN Entertainment, Inc.",17.17,2324117248,4457900,3073270,16.93,16.84,17.719999,17.17,0.219999,1.297931,16.950001,2026-09-10,,,1.383,134066591,,-6.23,Consumer Cyclical,Resorts & Casinos,"PENN Entertainment, Inc., together with its subsidiaries, provides integrated entertainment, sports content, and casino gaming experiences in the United States and internationally. The company operates through five segments: Northeast, South, West, Midwest, and Interactive. It operates a portfolio of casinos, racetracks, and online sports betting; online gaming portfolio, such as theScore Bet, an online sportsbook; theScore Casino, a stand-alone iCasino website and app; Hollywood Casino, an iCasino and theScore Bet website and app; PENN Game Studios, its in-house iCasino and social gaming content studio; and PENN Play, a customer loyalty program. The company also engages in gaming operations, including slot machines and table games; food and beverage offerings; and hotel visitation. It offers its products under the Ameristar, Argosy, Boomtown, Hollywood Casino, Hollywood Gaming, L'Auberge, M Resort, PENN Entertainment, and PENN Play, as well as theScore, theScore Bet, and theScore esports brands. The company was formerly known as Penn National Gaming, Inc. and changed its name to PENN Entertainment, Inc. in August 2022. PENN Entertainment, Inc. was founded in 1972 and is based in Wyomissing, Pennsylvania.",NMS,Mr. Jay A. Snowden,United States,,false,false,true,https://www.pennentertainment.com,,USD,23441,Wyomissing,PA,610 373 2400,825 Berkshire Blvd.,,2026-09-10T12:06:55+00:00,2026-09-09T16:47:43+00:00,Equity,-0.37578,0.01748,0.35161,0.0793,-0.12664,0.052,,7159900160,872700032,-54325000,-906700032,60900000,1.183347,14.124,1.722,11062200320,1834000000,14268500000,887200000,,0.885,0.758,596.731,0,1.01,0.01588,1.06612,0.1407
PHAT,"Phathom Pharmaceuticals, Inc.",8.67,707074176,1109300,1267843,9.32,8.64,9.32,8.67,-0.76,-8.059387,9.43,2026-09-10,,,0.509,80900934,,-1.25,Healthcare,Biotechnology,"Phathom Pharmaceuticals, Inc., a biopharmaceutical company, focuses on developing and commercializing treatments for gastrointestinal diseases in the United States. It develops VOQUEZNA, which has completed Phase III clinical trials for the treatment of erosive gastroesophageal reflux disease (GERD) and related heartburn in adults; and VOQUEZNA Triple Pak and VOQUEZNA Dual Pak that have completed Phase III clinical trials for treating Helicobacter pylori, as well as VOQUEZNA and vonoprazan for the treatment of heartburn associated with non-erosive GERD and eosinophilic esophagitis in adults and adolescents. The company was incorporated in 2018 and is headquartered in Florham Park, New Jersey.",NMS,Mr. Steven L. Basta M.B.A.,United States,,false,false,true,https://www.phathompharma.com,,USD,371,Florham Park,NJ,877 742 8466,100 Campus Drive,,2026-09-10T12:06:56+00:00,2026-09-09T16:47:45+00:00,Equity,,-0.088,0.82923,-0.05338,-0.41338,0.88,,239662000,-40134000,-32627124,-99072000,28719000,-2.032558,-28.217,4.725,552024000,-438169000,259149000,182478000,,1.924,1.82,,0,,0.04662,0.92444,0.1532
PHO,Invesco Water Resources ETF,68.82,,128200,93320,69.489998,68.800003,69.540001,68.82,-0.949997,-1.361612,69.769997,2026-09-10,,,,,24.420866,,,,"The fund generally will invest at least 90% of its total assets in securities that comprise the underlying index. The underlying index seeks to track the performance of companies that create products designed to conserve and purify water for homes, businesses and industries. The underlying index is designed to track the performance of U.S. exchange-listed companies that create products that conserve and purify water for homes, businesses, and industries. The fund is non-diversified.",NGM,,,,true,false,true,,,USD,,,,,,0.57,2026-09-10T12:06:58+00:00,2026-09-09T16:47:46+00:00,Equity,,,,,,,,,,,,,,,,,,2025786624,,0.59,,,,,,,,
PHYS,Sprott Physical Gold Trust,33.259998,15800553472,3693700,4131556,33.529999,33.099998,33.549999,33.259998,0.279999,0.848996,32.98,2026-09-10,,,,474275999,6.046298,,,,,ASE,,,,false,false,true,,,USD,,,,,,,2026-09-10T12:06:58+00:00,2026-09-09T16:47:47+00:00,Equity,,,,,,,,,,,,,,,,,15976483000,15979788000,,,,,,,,,,
PKX,POSCO Holdings Inc.,62.470001,19005014016,250200,346266,62.369999,62.34,63.02,62.470001,0.960003,1.560727,61.509998,2026-09-10,,,1.659,302483116,18.533924,3.39,Basic Materials,Steel,"POSCO Holdings Inc., together with its subsidiaries, operates as an integrated steel producer in Korea and internationally. It operates through six segments: Steel, Trading, Construction, Logistics and Others, Green Materials and Energy, and Others. The company engages in the production, import, sale, and export of steel products, such as hot and cold rolled steel, stainless steel, plates, wire rods, and silicon steel sheets, as well as pig iron, billets, blooms, and slabs; trading of steel and raw materials, textiles, agricultural commodities, and other goods; natural resources development and power generation activities; and planning, designing, and construction of industrial plants, civil engineering projects, and commercial and residential buildings. It is also involved in the manufacture and sale of various energy-related and other industrial materials, including anode and cathode materials for rechargeable batteries; investment business; and provision of alternative environmentally-friendly energy solutions, as well as information technology and operational technology, and integrated logistics services. POSCO Holdings Inc. was incorporated in 1968 and is based in Seoul, South Korea.",NYQ,Mr. In-Hwa  Chang,South Korea,,false,false,true,https://www.posco-inc.com,,USD,383,Seoul,,82 2 3457 0114,POSCO Center,2.64,2026-09-10T12:06:59+00:00,2026-09-09T16:47:48+00:00,Equity,0.02214,0.01311,0.07865,0.04257,0.01892,0.097,3.283,71237317427200,6229349892096,-3462723010560,1347453845504,,1.766328,3.9,0.341,31825604902912,55759204000000,105287678000000,14300278161408,,1.983,1.286,49.601,0.5154,0.89,0,0.04511,0.0027
PLCE,"The Children's Place, Inc.",2.54,58261116,198600,266300,2.8,2.51,2.88,2.54,-0.25,-8.960574,2.79,2026-09-10,,,1.971,22237067,,-4.84,Consumer Cyclical,Apparel Manufacturing,"The Children's Place, Inc., together with its subsidiaries, operates as an omni-channel children's specialty portfolio of brands in North America and internationally. It operates through two segments, The Children's Place U.S. and The Children's Place International. The company designs, contracts to manufacture, and sells apparel, accessories, and footwear primarily under The Children's Place, Gymboree, Sugar & Jade, PJ Place, Crazy 8, Place, Baby Place, and other brands. It offers its products through its digital storefronts, www.childrensplace.com and www.gymboree.com; physical stores in North America; wholesale marketplaces; and international franchise partners, as well as through social media channels. The company was formerly known as The Children's Place Retail Stores, Inc. and changed its name to The Children's Place, Inc. in June 2014. The Children's Place, Inc. was founded in 1969 and is headquartered in Secaucus, New Jersey.",NMS,Mr. Turki Saleh-A. Alrajhi,United States,,false,false,true,https://www.childrensplace.com,,USD,2500,Secaucus,NJ,201 558 2400,500 Plaza Drive,,2026-09-10T12:07:00+00:00,2026-09-09T16:47:49+00:00,Equity,,-0.05491,0.29479,-0.16936,-0.09089,-0.111,,1181929984,-36966000,17728500,-107431000,2988000,-0.54323,-18.696,0.585,633851008,-54183000,670299000,4781000,,0.891,0.12,,0,1.42,0.04857,0.75954,0.4087
PLUG,Plug Power Inc.,2.17,3038899712,46180600,55175811,2.24,2.16,2.3,2.17,-0.09,-3.982297,2.26,2026-09-10,,,2.222,1397195278,,-1.32,Industrials,Electrical Equipment & Parts,"Plug Power Inc. designs, develops, and sells hydrogen products and solutions in Europe, Australia, North America, and internationally. The company offers GenDrive, a hydrogen fueled PEM fuel cell system, which powers material handling EVs, including Class 1, 2, 3 and 6 electric forklifts, automated guided vehicles, and ground support equipment; GenFuel, a liquid hydrogen fueling, delivery, generation, storage, and dispensing system; and GenCare, an Internet of Things based maintenance and on-site service program. It also provides GenKey, a turn-key solution; GenEco electrolyzers for clean hydrogen production; liquefaction systems; cryogenic equipment, such as trailers and mobile storage equipment for the distribution of liquified hydrogen, oxygen, argon, nitrogen, and other cryogenic gases; GenSure, a stationary fuel cell solution; and liquid hydrogen. The company serves customers in material handling operations, fuel cell electric vehicle fleets, and stationary power applications through its direct sales force, original equipment manufacturers, and dealer networks. Plug Power Inc. was incorporated in 1997 and is based in Slingerlands, New York.",NCM,Mr. Andrew J. Marsh,United States,,false,false,true,https://www.plugpower.com,,USD,2344,Slingerlands,NY,518 782 7700,125 Vista Boulevard,,2026-09-10T12:07:01+00:00,2026-09-09T16:47:50+00:00,Equity,-1.44963,-0.12225,-0.24748,-0.24881,-2.20586,0.025,,744086976,-512104992,-247099376,-1641350016,50545000,5.228365,-7.866,5.413,1036950976,978069000,2594568000,172094000,,2.321,0.82,176.565,0,0.84,0.04535,0.73137,0.2346
PNR,Pentair plc,57.52,9215304704,2267000,3266074,57.98,57.360001,58.099998,57.52,-1.099998,-1.87649,58.619999,2026-09-10,,,1.018,159600000,14.881443,3.88,Industrials,Specialty Industrial Machinery,"Pentair plc provides various water solutions in the United States, Western Europe, China, Latin America, the Middle East, Southeast Asia, Australia, and Canada. It operates through three segments: Flow, Water Solutions, and Pool. The Flow segment designs, manufactures, and sells fluid treatment and pump products and systems, including pressure vessels, gas recovery solutions, membrane bioreactors, wastewater reuse systems and advanced membrane filtration, separation systems, specialty insertion valves, water disposal pumps, water supply pumps, fluid transfer pumps, turbine pumps, solid handling pumps, and agricultural spray nozzles. This segment provides products under Pentair Flow, Aurora, Berkeley, Codeline, Fairbanks-Nijhuis, Haffmans, Hydromatic, Hypro, Jung Pumpen, Myers, Sta-Rite, Shurflo, Südmo, and X-Flow brand names. The Water Solutions segment offers commercial and residential water treatment products and systems, such as pressure tanks, control valves, activated carbon products, commercial ice machines, conventional filtration products, and point-of-entry and point-of-use water treatment systems for use in water filtration and water softening solutions, as well as commercial water management and filtration solutions in foodservice operations; and installation and preventative services for water management solutions for commercial operators under the Pentair Water Solutions, Everpure, Fleck, Manitowoc Ice, Pentek, and RainSoft brands. The Pool segment provides residential and commercial pool equipment and accessories, including pumps, filters, heaters, lights, automatic controls and cleaners, chlorinators, maintenance equipment, and pool accessories for residential and commercial pool maintenance, pool repair, renovation, service, construction, and aquaculture solutions. This segment offers products under the Pentair Pool, Kreepy Krauly, Pleatco, and Sta-Rite brands. Pentair plc was founded in 1966 and is headquartered in London, the United Kingdom.",NYQ,Mr. John L. Stauch,United Kingdom,,false,false,true,https://www.pentair.com,,USD,9000,London,,44 74 9421 6154,Regal House,1.81,2026-09-10T12:07:02+00:00,2026-09-09T16:47:51+00:00,Equity,0.17126,0.08663,0.41388,0.2344,0.16237,-0.17,-0.111,4011800064,1034800000,558312512,635500032,37000000,2.458486,10.66,2.75,1764700032,3869200000,6868800000,91800000,,1.451,0.659,47.067,0.268,0.9368,0.00957,1.00722,0.0541
PRME,"Prime Medicine, Inc.",3.47,613960704,4223300,3241672,3.47,3.29,3.535,3.47,-0.09,-2.528088,3.56,2026-09-10,,,2.349,181376856,,-1.05,Healthcare,Biotechnology,"Prime Medicine, Inc., a biotechnology company, engages in delivering genetic medicines to address the spectrum of diseases by deploying gene editing technology in the United States. Its lead therapeutic product candidate is PM359 for Chronic Granulomatous Disease, which is in Phase 1/2 clinical trial; PM577 for Wilson Disease, that is in preclinical studies; and PM647 to treat genetic disorder caused by mutations in the SERPINA1 gene, resulting in production of misfolded Z-AAT protein that accumulates in the liver and leads to hepatocellular injury, cirrhosis, and increased risk of hepatocellular carcinoma. The company also provides vivo programs targeting diseases of the liver, and Cystic Fibrosis programs. In addition, it offers Prime Editing technology comprising a programmable DNA binding domains, such as Cas domains, are typically modified such that they do not cause a double-stranded break in the DNA, as well as a RT domain that copies the edited DNA sequence directly into the target genomic site where the edit is made; and pegRNA which contains a search sequence, also known as a spacer, which provides a target genomic address for the Prime Editor. The company has a research collaboration and license agreement with BMS; Cystic Fibrosis Foundation; Broad Institute; and Beam. Prime Medicine, Inc. was incorporated in 2019 and is headquartered in Cambridge, Massachusetts.",NGM,"Mr. Jeffrey D. Marrazzo M.B.A., M.P.A.",United States,2022-10-20,false,false,true,https://primemedicine.com,,USD,146,Cambridge,MA,617 465 0013,60 First Street,,2026-09-10T12:07:03+00:00,2026-09-09T16:47:52+00:00,Equity,-3.73287,-0.4652,0,-37.50867,0,0.035,,4073000,-189122000,-75780000,-187892000,29268000,15.044445,-3.441,159.771,112478000,120868000,342733000,95071000,,3.055,3,282.544,0,,0.23663,0.71205,0.2468
PRX.AS,Prosus N.V.,35.605,74827931648,631756,3240848,35.490002,35.209999,35.75,35.605,-0.130001,-0.363792,35.735001,2026-09-10,,,0.783,2092675224,7.941111,4.5,Consumer Cyclical,Internet Retail,"Prosus N.V. engages in the e-commerce and internet businesses in Asia, Europe, Latin America, North America, and internationally. It operates internet platforms, such as classifieds, payments and fintech, etail, food delivery, education technology, Etail, ventures, tencent, and other platforms. It also provides online food delivery service. The company was formerly known as Myriad International Holdings N.V. and changed its name to Prosus N.V. Prosus N.V. was incorporated in 1994 and is headquartered in Amsterdam, the Netherlands.",AMS,Mr. Fabricio  Bloisi,Netherlands,,false,false,true,https://www.prosus.com,,EUR,41998,Amsterdam,,31 20 299 9777,Symphony Offices,0.77,2026-09-10T12:07:04+00:00,2026-09-09T16:47:53+00:00,Equity,0.22213,0.00264,0.4644,0.01447,1.19918,,,9704999936,626000000,846875008,11649000448,231000000,1.666179,293.604,18.938,17707999232,53781000000,79075000000,15736999936,,2.434,2.391,32.874,0.0443,1.6428,0.00852,0.69248,
QQQM,Invesco NASDAQ 100 ETF,294.970001,,1898800,3319800,294.980011,294.01001,296.269989,294.970001,-0.790009,-0.267111,295.76001,2026-09-10,,,,,29.192364,,,,"The fund generally will invest at least 90% of its total assets in the securities that comprise the underlying index. The underlying index weights its component securities using a “modified market capitalization-weighted” methodology, which takes into account the market value of the component securities subject to certain weight restrictions pursuant to the index provider’s methodology. It is non-diversified.",NGM,,,,true,false,true,,,USD,,,,,,0.44,2026-09-10T12:07:05+00:00,2026-09-09T16:47:54+00:00,Equity,,,,,,,,,,,,,,,,,,104376492032,,0.15,,,,,,,,
QQQU,Direxion Daily Magnificent 7 Bull 2X Shares,58.209999,,9500,46291,58.404999,57.900002,58.404999,58.209999,0.202,0.348227,58.007999,2026-09-10,,,,,26.122902,,,,"The index is designed to track the performance of the seven largest NASDAQ listed companies, as identified by Indxx. The fund, under normal circumstances, invests at least 80% of its net assets in financial instruments, such as swap agreements, securities of the index, and ETFs that track the index, that, in combination, provide 2X daily leveraged exposure to the index, consistent with the fund's investment objective. The fund is non-diversified.",PCX,,,,true,false,true,,,USD,,,,866-476-7523,,0.1,2026-09-10T12:07:06+00:00,2026-09-09T16:47:55+00:00,Equity,,,,,,,,,,,,,,,,,,73331584,,0.98,,,,,,,,
RACE,Ferrari N.V.,402.329987,70742261760,302900,469929,404.119995,400.820007,405.049988,402.329987,-3.610016,-0.889298,405.940002,2026-09-10,,,0.6,175652448,37.429367,10.76,Consumer Cyclical,Auto Manufacturers,"Ferrari N.V., through its subsidiaries, engages in design, engineering, production, and sale of luxury performance sports cars worldwide. It offers sports, track, one-off, and road cars, as well as supercars. The company also provides spare parts and engines, as well as after sales, repair, maintenance, and restoration services for cars; and licenses its Ferrari brand to various producers and retailers of luxury and lifestyle goods. In addition, it operates Ferrari museums in Modena and Maranello; Il Cavallino restaurant in Maranello; and theme parks in Abu Dhabi and Spain. Further, the company provides direct or indirect finance and leasing services; range of financial and ancillary services; special financing arrangements; and operates franchised and owned Ferrari stores. The company was founded in 1947 and is headquartered in Maranello, Italy.",NYQ,Mr. John Jacob Philip Elkann,Italy,,false,false,true,https://www.ferrari.com,,USD,5743,Maranello,MO,39 05 36 94 91 11,Via Abetone Inferiore n. 4,1.04,2026-09-10T12:07:07+00:00,2026-09-09T16:47:56+00:00,Equity,0.4544,0.13606,0.51618,0.31065,0.2225,0.084,0.101,7353308160,2470598912,1001981760,1636115968,,16.711588,29.609,9.948,3165647104,3906893000,9628352000,1431513984,,2.429,1.758,86.386,0.3896,3.4628,0.32278,0.4593,0.0274
REAL,"The RealReal, Inc.",9.555,1177168000,2490500,3200154,9.6,9.4,9.845,9.555,-0.224999,-2.300608,9.78,2026-09-10,,,2.712,121671115,,-0.71,Consumer Cyclical,Luxury Goods,"The RealReal, Inc. operates an online marketplace for resale luxury goods worldwide. It provides a range of product categories, including women's fashion, men's fashion, jewelry, and watches. The company sells products through its website, online marketplace, mobile app, and retail stores. The RealReal, Inc. was incorporated in 2011 and is headquartered in San Francisco, California.",NMS,Ms. Rati Sahi Levesque,United States,,false,false,true,https://www.therealreal.com,,USD,3140,San Francisco,CA,855 435 5893,55 Francisco Street,,2026-09-10T12:07:08+00:00,2026-09-09T16:47:58+00:00,Equity,,-0.0102,0.74497,-0.01186,-0.10819,0.166,,749910016,26355000,35174876,-81130000,28943000,-3.115942,58.21,2.046,463308000,-415518000,409033000,119132000,,0.828,0.596,,0,,0.07228,0.9524,0.1393
RGC,Regencell Bioscience Holdings Limited,5.85,,291700,327100,6.72,5.72,6.743,5.85,-0.97,-14.222877,6.82,2026-09-10,,,1.43,,,-0.01,Healthcare,Drug Manufacturers - Specialty & Generic,"Regencell Bioscience Holdings Limited operates as a Traditional Chinese medicine (TCM) bioscience company in Hong Kong. It focuses on the research, development, and commercialization of TCM for the treatment of neurocognitive disorders and degeneration, primarily for attention deficit hyperactivity disorder and autism spectrum disorder. The company was incorporated in 2014 and is headquartered in Causeway Bay, Hong Kong.",NCM,Mr. Yat-Gai  Au,Hong Kong,,false,false,true,https://www.regencellbioscience.com,,USD,10,Causeway Bay,,852 2155 0823,Chinachem Leighton Plaza,,2026-09-10T12:07:09+00:00,2026-09-09T16:47:59+00:00,Equity,-1.77664,-0.84972,0,0,0,,,,-7065837,,-7048587,449311,2989.9998,-477.006,,386302,8218699,8438211,2357216,,1.415,1.415,31.68,0,,0.88379,0.00288,0.0179
RGLD,"Royal Gold, Inc.",262.540009,22312656896,486700,736946,265.529999,261.579987,267.649994,262.540009,1.170013,0.447646,261.369995,2026-09-10,,,0.497,84727857,29.195675,9.02,Basic Materials,Gold,"Royal Gold, Inc., together with its subsidiaries, acquires and manages precious metal streams, royalties, and related interests in North America, South and Central America, Europe, the Middle East, Africa, and the Australia Pacific. It operates through Acquisition and Management of Stream Interests and Acquisition and Management of Royalty Interests segments. The company engages in the acquisition of existing stream and royalty interests; and the financing of projects that are in production, development, or in the exploration stage in exchange for stream or royalty interests, which consists of gold, silver, copper, nickel, zinc, lead, molybdenum, diamonds, uranium, iron, platinum, palladium, rhodium, lithium, titanium, cobalt, barite, tungsten, and coal. Its properties are located in Canada, Chile, the Dominican Republic, the United States, Zambia, Australia, Ghana, Brazil, Mexico, Bolivia, Argentina, Nicaragua, Macedonia, Botswana, Spain, and internationally. Royal Gold, Inc. was incorporated in 1981 and is based in Denver, Colorado.",NMS,Mr. William H. Heissenbuttel,United States,,false,false,true,https://www.royalgold.com,,USD,39,Denver,CO,(303) 573-1660,1144 15th Street,0.73,2026-09-10T12:07:10+00:00,2026-09-09T16:48:00+00:00,Equity,0.136,0.09351,0.86802,0.62036,0.48054,1.155,0.383,1535682944,1274184960,-189505504,737956992,11805000,2.938987,17.584,14.59,395892000,7157130000,9537524000,182468000,,2.924,2.636,5.186,0.2076,1.06,0.00264,0.87147,0.0357
RH,RH,139.369995,2655537920,612500,813159,140.039993,138.770004,143.630005,139.369995,-3.080002,-2.162163,142.449997,2026-09-10,,,1.856,18926221,27.034681,5.19,Consumer Cyclical,Specialty Retail,"RH, together with its subsidiaries, operates as a retailer and lifestyle brand in the home furnishings market in the United States, Canada, the United Kingdom, Germany, Belgium, and Spain. The company operates in three segments: RH Segment, Waterworks, and Real Estate. It offers merchandise in various categories, including furniture, lighting, textiles, bath ware, décor, and outdoor and garden furnishings, as well as baby, child, and teen furnishings. The company also operates galleries, interior design studios, outlets, guesthouses, and showrooms. It sells its products through hospitality, websites, sourcebooks, and trade and contract channels, as well as retail locations and outlets. The company was formerly known as Restoration Hardware Holdings, Inc. and changed its name to RH in January 2017. RH was founded in 1980 and is headquartered in Corte Madera, California.",NYQ,Mr. Gary G. Friedman,United States,,false,false,true,https://www.rh.com,,USD,6510,Corte Madera,CA,415 924 1005,15 Koch Road,,2026-09-10T12:07:11+00:00,2026-09-09T16:48:01+00:00,Equity,,0.04408,0.43541,0.00322,0.03008,-0.017,,3425912064,490476000,285438016,103051000,43882000,46.583664,13.574,1.943,4019091968,60600000,4835710000,53803000,,1.127,0.199,7060.08,0,0.672,0.18118,1.06137,0.5306
RILY,"BRC Group Holdings, Inc.",6.79,278909920,420100,685711,7.03,6.78,7.06,6.79,-0.25,-3.551136,7.04,2026-09-10,,,1.216,40199755,0.567766,12.22,Financial Services,Financial Conglomerates,"BRC Group Holdings, Inc., through its subsidiaries, provides financial services in North America, Australia, Europe, the Middle East, Africa, Asia, and Latin America. The Capital Markets segment offers investment banking and institutional brokerage services; direct lending services to middle market companies; and equity research. This segment is also involved in trading equity securities; institutional sales and trading; securities lending; proprietary trading; direct lending; and loan origination and underwriting. The Wealth Management segment provides retail brokerage, investment management, insurance, accounting and tax preparation services to individuals and families, small businesses, nonprofits, trusts, foundations, and endowments; and investment management, retirement planning, education planning, wealth transfer and trust coordination, and lending and liquidity solutions. The Lingo segment resells plain old telephone services (POTS), broadband data services, and managed security services, as well as cloud voice, POTS alternative, and business collaboration communication services. The magicJack segment offers non-interconnected voice-over-IP cloud-based communications services; and related devices and subscription services. The Marconi Wireless segment provides mobile phone voice, text, and data services and devices under the Credo Mobile brand. The UOL segment dial-up and digital subscriber line services under the NetZero and Juno brands; and paid and free e-mail subscription services. The Consumer Products segment designs, manufactures, and sells consumer and enterprise productivity products comprising laptops and tablet cases, backpacks, universal docking stations, and computer accessories. The company was formerly known as B. Riley Financial, Inc. and changed its name to BRC Group Holdings, Inc. in January 2026. BRC Group Holdings, Inc. was founded in 1973 and is headquartered in Los Angeles, California.",NGM,Mr. Bryant Richard Riley,United States,,false,false,true,https://www.brcgh.com,,USD,1380,Los Angeles,CA,310 966 1444,11100 Santa Monica Blvd.,,2026-09-10T12:07:12+00:00,2026-09-09T16:48:02+00:00,Equity,,0.24566,0.25765,0.1185,0.38623,0.104,-0.9,1066051008,,,405547008,13974000,1.961578,,0.722,1512551040,-171533000,1706592000,1084544000,,1.978,1.861,751.634,0,,0.30297,0.4395,0.1658
RIO,Rio Tinto Group,103.739998,168474558464,1555600,2573419,104.260002,102.910004,104.800003,103.739998,-0.090004,-0.086684,103.830002,2026-09-10,,,0.664,1254609033,14.036585,7.38,Basic Materials,Other Industrial Metals & Mining,"Rio Tinto Group engages in exploring, mining, and processing mineral resources worldwide. The company operates through Iron Ore; Aluminium and lithium; and  Copper segments. The Iron Ore segment engages in the iron ore mining, and salt and gypsum production in Western Australia. The Aluminum and lithium segment is involved in bauxite mining; alumina refining; and aluminium smelting, and recycling, as well as mining and processing of lithium. The Copper segment engages in mining and refining of copper, gold, silver, molybdenum, and other by-products and exploration activities. It also owns and operates open pit and underground mines; and refineries, smelters, processing plants and power, and shipping facilities. The company was founded in 1873 and is headquartered in London, the United Kingdom.",NYQ,"Mr. Simon Callas Trott BSc(Hon), GAICD, GradDipFin",United Kingdom,,false,false,true,https://www.riotinto.com,,USD,56890,London,,44 20 7781 2000,6 St James’s Square,4.48,2026-09-10T12:07:13+00:00,2026-09-09T16:48:03+00:00,Equity,0.19312,0.08106,0.29751,0.28049,0.19585,0.155,0.469,61793001472,22911000576,3595500032,12101999616,,2.57277,8.223,3.049,22851999744,62203000000,128102000000,9507000320,,1.424,0.926,31.872,0.5446,5.69,0.00003,0.10456,0.0084
RMS.PA,Hermès International Société en commandite par actions,1424.5,147581042688,18996,100727,1414.5,1404,1427,1424.5,15.5,1.100071,1409,2026-09-10,,,1.001,104741687,32.775063,42.99,Consumer Cyclical,Luxury Goods,"Hermès International Société en commandite par actions engages in the production, wholesale, and retail of various goods. The company offers leather goods and saddlery, such as bags for men and women, travel articles, small leather goods and accessories, saddles, bridles, and various equestrian products and clothing; ready-to-wear garments for men and women; and accessories, including jewelry, belts, hats, gloves, internet of things products, and shoes. It also provides silk and textiles for men and women; art of living and tableware products; beauty and perfume products; and watches. In addition, the company is involved in weaving, engraving, printing, dyeing, finishing, and producing textiles; purchasing, tanning, dyeing, finishing, and selling tanneries and precious leathers; and creating and producing of metal parts. It sells its products through a network of stores in France, rest of Europe, Japan, the Asia Pacific, the Americas, and the Middle East, as well as sells watches, perfumes, and tableware through a network of specialized stores. The company was founded in 1837 and is headquartered in Paris, France. Hermès International Société en commandite par actions is a subsidiary of H51 SAS.",PAR,Mr. Axel Olivier Dumas,France,,false,false,true,https://finance.hermes.com,,EUR,27107,Paris,,800 441 4488,"13-15, rue de la Ville l’Évêque",1.25,2026-09-10T12:07:14+00:00,2026-09-09T16:48:04+00:00,Equity,0.25452,0.18089,0.71341,0.42239,0.27996,0.016,-0.003,16131000320,7056000000,4914625024,4515999744,132000000,7.758042,19.992,8.745,2280000000,18842000000,24322000000,12309999616,,4.537,3.632,11.984,0.4186,3.2581,0.66982,0.10278,
RUM,RUM Group Inc.,7.52,3825175808,4727100,3487087,8.35,7.51,8.5,7.52,-0.87,-10.369491,8.39,2026-09-10,,,1.217,276328597,,-0.59,Communication Services,Internet Content & Information,"RUM Group Inc. provides video sharing and cloud services platform in the United States, Canada, and internationally. The company offers Rumble Video, a free and subscription-based video sharing platform; Rumble Studio, a multi-platform livestreaming and monetization service for creators; Rumble Advertising Center, an in-house advertising marketplace; and Rumble Wallet, a non-custodial crypto wallet integrated directly into the Rumble platform enabling audiences to tip creators natively in crypto. It also provides Rumble Cloud, an infrastructure as a service that offers a portfolio of compute, storage, security, and networking offerings. In addition, the company offers banner/display advertising, video pre-roll/mid-roll advertising, and creator sponsorships, as well as subscriptions, pay-per-view, tipping services, and develops and operates high-performance computing (HPC) and artificial intelligence (AI) solutions. RUM Group Inc. was formerly known as Rumble Inc. and changed its name to RUM Group Inc. in June 2026. RUM Group Inc. was founded in 2013 and is headquartered in Longboat Key, Florida.",NGM,Mr. Christopher  Pavlovski,United States,,false,false,true,https://rumble.com,,USD,156,Longboat Key,FL,941 210 0196,444 Gulf of Mexico Drive,,2026-09-10T12:07:15+00:00,2026-09-09T16:48:05+00:00,Equity,-0.18409,-0.0593,0.0786,-0.99172,-1.34603,0.609,,117657432,-90852176,-152408928,-158370320,23836781,2.308498,-41.204,31.816,501775360,274842192,336846798,203269520,,2.118,1.412,35.194,0,,0.51572,0.2056,0.1545
RYAAY,Ryanair Holdings plc,54.25,28028807168,2087700,1310630,54.009998,53.73,54.389999,54.25,-0.119999,-0.220708,54.369999,2026-09-10,,,0.958,518284132,13.031325,4.15,Industrials,Airlines,"Ryanair Holdings plc, together with its subsidiaries, engages in the provision of scheduled-passenger airline services in Ireland, Italy, Spain, the United Kingdom, and internationally. It offers various ancillary services; engages in other activities connected with its air passenger service, including non-flight scheduled and Internet-related services, as well as in-flight sale of beverages, food, duty-free, and merchandise; and markets car hire, travel insurance, and accommodation services through its website and mobile app. The company also provides passenger and aircraft handling, ticketing, and maintenance and repair services; and markets car parking, fast-track, airport transfers, attractions, and activities on its website and mobile app, as well as sells gift vouchers. Ryanair Holdings plc was incorporated in 1996 and is headquartered in Swords, Ireland.",NMS,Mr. Michael  O'Leary,Ireland,,false,false,true,https://www.ryanair.com,,USD,30000,Swords,,353 1 945 1212,Dublin Office,1.65,2026-09-10T12:07:16+00:00,2026-09-09T16:48:07+00:00,Equity,0.22408,0.07024,0.27925,0.13125,0.12132,0.011,-0.331,15590800384,3421600000,-217737504,1891500032,15000000,2.558868,7.49,1.644,181900000,10101400000,19747700000,2803500032,,0.79,0.369,1.919,0.2346,5.2346,0,0.42416,0.0059
SAM,"The Boston Beer Company, Inc.",162.330002,1669413632,299700,269203,161.110001,160.039993,166.220001,162.330002,0.270004,0.166608,162.059998,2026-09-10,,,0.833,8223681,,-6.68,Consumer Defensive,Beverages - Brewers,"The Boston Beer Company, Inc. produces and sells alcohol beverages primarily in the United States. Its flagship beer is Samuel Adams Boston Lager. The company offers various beers, hard ciders, spirits based ready to drink beverages, distilled spirits, flavored malt beverages, and hard seltzers under the Samuel Adams, Twisted Tea, Truly, Angry Orchard, Dogfish Head, and Sun Cruiser brand names. It markets and sells its products to a network wholesaler in the United States, as well as wholesalers, importers, or other agencies that in turn sell to retailers, such as grocery stores, club stores, convenience stores, liquor stores, bars, restaurants, stadiums, and other traditional and e-commerce retail outlets. It sells its products in Canada, Mexico, and internationally. The Boston Beer Company, Inc. was founded in 1984 and is based in Boston, Massachusetts.",NYQ,Mr. C. James Koch J.D.,United States,,false,false,true,https://www.bostonbeer.com,,USD,2736,Boston,MA,617 368 5000,One Design Center Place,,2026-09-10T12:07:17+00:00,2026-09-09T16:48:08+00:00,Equity,-0.08614,0.05429,0.48879,0.09327,-0.03639,-0.033,-0.09,1925446016,197424000,372617632,-70419000,21754000,2.288419,7.09,0.727,31550000,846280000,1193595000,265548992,,1.045,0.751,4.415,0,0.7747,0.09335,1.09968,0.2182
SANA,"Sana Biotechnology, Inc.",3.17,962444416,8650600,2909388,3.51,3.16,3.525,3.17,-0.28,-8.115941,3.45,2026-09-10,,,2.131,299360637,,-0.75,Healthcare,Biotechnology,"Sana Biotechnology, Inc., a biotechnology company, focuses on utilizing engineered cells as medicines in the United States. It develops ex vivo and in vivo cell engineering platforms for various therapeutic areas with unmet treatment needs, including type 1 diabetes, B cell mediated autoimmune diseases, and oncology. The company's product pipeline includes UP421, a HIP-modified allogeneic primary islet cell product, which is in phase 1 clinical trial to treat type 1 diabetes; SC451, a HIP-modified, stem cell derived pancreatic islet cell therapy, which is in preclinical trial for the treatment of type 1 diabetes; SG293 and SG299, a CD8-targeted fusosome for the treatment of B cell hematologic malignancies and B cell mediated autoimmune diseases. The company has an option and license agreement with Beam Therapeutics Inc. for use of Beam's proprietary CRISPR Cas12b nuclease editing technology to research, develop, and commercialize engineered cell therapy products; and a license agreement with Harvard College to access certain intellectual property for the development of hypoimmune-modified cells. The company has a strategic collaboration with Mayo Clinic for the development of SC451, a hypoimmune-modified pancreatic islet cell therapy for type 1 diabetes. The company was formerly known as FD Therapeutics, Inc. and changed its name to Sana Biotechnology, Inc. in September 2018. Sana Biotechnology, Inc. was incorporated in 2018 and is headquartered in Seattle, Washington.",NMS,Dr. Steven D. Harr M.D.,United States,2021-02-04,false,false,true,https://www.sana.com,,USD,142,Seattle,WA,206 701 7914,188 East Blaine Street,,2026-09-10T12:07:18+00:00,2026-09-09T16:48:09+00:00,Equity,-1.52872,-0.29164,0,0,0,,,,-174186000,4125625,-211822000,25464000,6.23062,-5.473,,80939000,160884000,416890000,160490000,,1.379,1.297,52.365,0,,0.0608,0.77652,0.24
SB,"Safe Bulkers, Inc.",8.36,847763648,5005600,891293,8.15,8.05,8.44,8.36,-0.570001,-6.382986,8.93,2026-09-10,,,,101833473,10.811688,0.77,Industrials,Marine Shipping,"Safe Bulkers, Inc., together with its subsidiaries, provides marine drybulk transportation services internationally. The company owns and operates a fleet of dry bulk vessels for transporting bulk cargoes comprising coal, grain, and iron ore. Its fleet consists of 45 vessels, including 8 Panamax class vessels, 12 Kamsarmax class vessels, 17 post-Panamax class vessels, and 8 Capesize class vessels with an aggregate carrying capacity of 4,559,000 deadweight tons. Safe Bulkers, Inc. was incorporated in 2007 and is based in Monaco.",NYQ,Mr. Polys  Hajioannou,Monaco,,false,false,true,https://www.safebulkers.com,,USD,10,Monaco,,30 2 111 888 400,Les Acanthes,3.36,2026-09-10T12:07:20+00:00,2026-09-09T16:48:13+00:00,Equity,0.10319,0.04507,0.63644,0.41058,0.28287,0.33,,307500000,161315008,10584750,78983000,150000,0.97414,7.974,4.183,511448000,830707000,1403182000,134536992,,1.002,0.638,58.768,0.2727,3.33,0.47642,0.38693,0.0495
SBLK,Star Bulk Carriers Corp.,31.16,3476329984,976600,1393464,30.969999,30.559999,31.280001,31.16,0.139999,0.45132,31.02,2026-09-10,,,0.718,111671386,12.207843,2.55,Industrials,Marine Shipping,"Star Bulk Carriers Corp. provides international seaborne transportation services for dry bulk commodities. The company transports major bulk cargoes, including iron ore, minerals, and grain, as well as minor bulks such as bauxite, fertilizers, and steel products. As of September 4, 2026, the company owned a fleet of 138 dry bulk vessels consisting of Newcastlemax, Capesize, Post Panamax, Kamsarmax, Ultramax, and Supramax vessels aggregate carrying capacity of 13,750,243 dead weight tonnage. Star Bulk Carriers Corp. was incorporated in 2006 and is based in Maroussi, Greece.",NMS,Mr. Petros Alexandros Pappas,Greece,,false,false,true,https://www.starbulk.com,,USD,294,Maroussi,,30 210 61 78 400,40 Agiou Konstantinou Street,6.06,2026-09-10T12:07:21+00:00,2026-09-09T16:48:14+00:00,Equity,0.11681,0.05417,0.47328,0.39711,0.2387,0.445,3881.94,1203005056,497808992,169818256,287153984,17798000,1.382511,8.323,3.444,1179001984,2449263000,3805385000,499635008,,1.915,1.414,46.889,0.4039,,0.25251,0.37222,0.0223
SCCO,Southern Copper Corporation,209.259995,177709023232,1796100,1235630,210.080002,207.5,213.830002,209.259995,0.699997,0.335633,208.559998,2026-09-10,,,1.151,844343686,31.554722,6.67,Basic Materials,Copper,"Southern Copper Corporation engages in mining, exploring, smelting, and refining copper and other minerals in Mexico, the United States, Peru, Brazil, Chile, and Other American countries. The company is involved in the mining, milling, and flotation of copper ore to produce copper and molybdenum concentrates; smelting of copper concentrates to produce blister and anode copper; refining of anode copper to produce copper cathodes; production of copper-molybdenum concentrates and sulfuric acid; production of refined silver, gold, and other materials; and mining and processing of copper, molybdenum, zinc, silver, gold and lead. It operates the Toquepala and Cuajone open-pit mines, smelter, and refinery in Peru; La Caridad, an open-pit copper mine, as well as copper ore concentrator; and SX-EW plant, a smelter, refinery, and rod plant in Mexico. The company also operates Buenavista, an open-pit copper mine, as well as copper concentrators and operating SX-EW plants in Mexico. In addition, it operates underground mines that produce zinc, lead, copper, silver, and gold; coal mine; and zinc refinery. The company has interests in 164,805 hectares and 505,788 hectares of concessions in Peru and Mexico; and 98,634 hectares and 28,453 hectares of exploration concessions in Argentina and Chile. Southern Copper Corporation was formerly known as Southern Peru Copper Corp. and changed its name to Southern Copper Corporation in July 1996. The company was incorporated in 1952 and is based in Phoenix, Arizona. Southern Copper Corporation operates as a subsidiary of Americas Mining Corporation.",NYQ,Engineer Leonardo  Contreras Lerdo de Tejada,United States,,false,false,true,https://www.southerncoppercorp.com,,USD,16617,Phoenix,AZ,602 264 1375,7310 North 16th St,2.11,2026-09-10T12:07:22+00:00,2026-09-09T16:48:15+00:00,Equity,0.49897,0.25705,0.64502,0.61163,0.35866,0.406,0.716,15787499520,9905999872,5005000192,5662300160,,14.329385,17.915,11.241,8624400384,11038100000,21381400000,7329900032,,5.06,4.411,67.863,0.5416,5.41,0.90056,0.09763,0.1131
SFM,"Sprouts Farmers Market, Inc.",73.110001,6944150528,2385300,1990914,75.650002,73.019997,76.18,73.110001,-3,-3.941663,76.110001,2026-09-10,,,0.667,93247625,14.239006,5.23,Consumer Defensive,Grocery Stores,"Sprouts Farmers Market, Inc., together with its subsidiaries, engages in the retailing of fresh, natural, and organic food products in the United States. The company offers healthy grocery stores; and lifestyle-friendly ingredients such as organic, plant-based, keto, paleo, non-GMO, and gluten-free. The company also offers perishable product categories, including produce, meat and meat alternatives, seafood, deli, bakery, floral, and dairy alternatives; and non-perishable product categories, such as grocery, vitamins and supplements, bulk items, frozen foods, beer and wine, and natural health and body care. It sells its products under the Sprouts brand. The company was founded in 1943 and is headquartered in Phoenix, Arizona.",NMS,Mr. Jack L. Sinclair,United States,,false,false,true,https://www.sprouts.com,,USD,36000,Phoenix,AZ,480 814 8016,5455 East High Street,,2026-09-10T12:07:23+00:00,2026-09-09T16:48:16+00:00,Equity,0.35197,0.1032,0.38939,0.07489,0.05585,0.047,0.015,9004103680,842360000,398699872,502860000,31103000,4.759683,10.66,0.997,2106292992,1403074000,4158649000,223928000,,0.992,0.372,140.338,0,1.6032,0.00578,1.14434,0.1394
SIG,Signet Jewelers Limited,102.480003,,4476800,761583,95.010002,94.330002,103,102.480003,19.810005,23.96275,82.669998,2026-09-10,,,1.111,,13.892655,7.08,Consumer Cyclical,Luxury Goods,"Signet Jewelers Limited operates as a diamond jewelry retailer in the United States, Canada, the United Kingdom, and Republic of Irland. It operates through three segments: North America, International, and other. The North America segment operates jewelry stores in malls, mall-based kiosks, and off-mall locations in the United States and Canada primarily under the Kay, Zales, Jared Jewelers, Diamonds Direct, Banter by Piercing Pagoda, Peoples Jewellers, and Rocksbox brands, as well as operates online through its digital brands, James Allen and Blue Nile. The International segment operates stores in shopping malls, off-mall locations, and online primarily under the H.Samuel and Ernest Jones brands in the United Kingdom and the Republic of Ireland. The Other segment engages in the purchase and conversion of rough diamonds to polished stones, as well as offers diamond polishing services. Signet Jewelers Limited was founded in 1862 and is based in Hamilton, Bermuda.",NYQ,Mr. James Kevin Symancyk,Bermuda,,false,false,true,https://www.signetjewelers.com,,USD,27097,Hamilton,,441 296 5872,Clarendon House,1.69,2026-09-10T12:07:24+00:00,2026-09-09T16:48:18+00:00,Equity,0.15933,0.06094,0.39337,0.05059,0.04287,0.008,0,6825600000,621800000,451787488,292600000,26900000,2.058257,6.227,0.567,1223600000,1966200000,5952100000,602800000,,1.615,0.367,64.495,0.185,2.4,0.01307,1.14529,0.1847
SIRI,Sirius XM Holdings Inc.,28.540001,9663707136,3633700,4621300,28.73,28.370001,28.91,28.540001,-0.259998,-0.902772,28.799999,2026-09-10,,,0.956,337066891,11.514056,2.49,Communication Services,Entertainment,"Sirius XM Holdings Inc. operates as an audio entertainment company in North America. It operates through two segments, Sirius XM, and Pandora and Off-platform. The Sirius XM segment provides music, sports, entertainment, comedy, and talk and news channels, as well as podcast and infotainment services on subscription fee basis; and live, curated, and exclusive and on demand programming services through satellite radio systems and streamed through applications for mobile and home devices, and other consumer electronic equipment. This segment also distributes satellite radios through automakers and retailers, as well as its website; offers advertising other ancillary services; sells radios and accessories; and offers location-based services through two-way wireless connectivity, including safety, security, convenience, maintenance and data, remote vehicles diagnostic, and stolen or parked vehicle locator services, as well as data services related to graphical weather and fuel prices. In addition, this segment provides music channels on the DISH Network satellite television service as a programming package; Travel Link, a suite of data services that include graphical weather, fuel prices, sports schedule and scores, and movie listings; graphic information related to road closings, traffic flow, and incident data for consumers with in-vehicle navigation systems; real-time weather services in vehicles, boats, and planes; music programming and commercial-free music services for office, restaurants, and other business; and wireless communications service. The Pandora and Off-platform segment operates music, comedy, and podcast streaming platform, which offers personalized experience for listener through mobile devices, vehicle speakers, and connected devices; and provides advertising services. The company was incorporated in 2013 and is headquartered in New York.",NMS,Ms. Jennifer C. Witz,United States,,false,false,true,https://www.siriusxm.com,,USD,5119,New York,NY,212 584 5100,1221 Avenue of the Americas,3.75,2026-09-10T12:07:25+00:00,2026-09-09T16:48:19+00:00,Equity,0.07574,0.04426,0.47356,0.2213,0.10229,0.01,0.237,8602999808,2528000000,1186000000,880000000,179000000,0.821161,7.592,2.231,9658000384,11563000000,27237000000,174000000,,0.458,0.35,81.105,0.4337,1.1473,0.46355,0.50208,0.1742
SIVR,abrdn Physical Silver Shares ETF,63.869999,,1199600,1152150,64.32,63.25,64.860001,63.869999,1.43,2.290199,62.439999,2026-09-10,,,,,,,,,"The shares are intended to constitute a simple and cost-effective means of making an investment similar to an investment in silver. An investment in physical silver requires expensive and sometimes complicated arrangements in connection with the assay, transportation, warehousing and insurance of the metal. Although the shares are not the exact equivalent of an investment in silver, they provide investors with an alternative that allows a level of participation in the silver market through the securities market.",PCX,,,,true,false,true,,,USD,,,,(212) 918-4954,,0,2026-09-10T12:07:26+00:00,2026-09-09T16:48:20+00:00,Equity,,,,,,,,,,,,,,,,,,4875359232,,0.3,,,,,,,,
SLM,SLM Corporation,26.09,4897399808,969800,2676341,26.17,25.93,26.43,26.09,-0.190001,-0.722985,26.280001,2026-09-10,,,0.968,188000000,7.256267,3.59,Financial Services,Credit Services,"SLM Corporation, through its subsidiaries, originates and services private education loans to students and their families to finance the cost of their education in the United States. It provides retail deposit accounts, including high-yield savings accounts, money market accounts, and certificates of deposit; and interest-bearing omnibus accounts. The company was formerly known as New BLC Corporation and changed its name to SLM Corporation in December 2013. SLM Corporation was founded in 1972 and is headquartered in Newark, Delaware.",NMS,Mr. Jonathan W. Witter,United States,,false,false,true,https://www.salliemae.com,,USD,1788,Newark,DE,302 451 4911,300 Continental Drive,1.98,2026-09-10T12:07:27+00:00,2026-09-09T16:48:21+00:00,Equity,0.30333,0.02528,1,0.29211,0.43625,0.081,-0.094,1685997952,,,720580992,40559000,2.201843,,3.79,5844118016,2451358000,29746295000,4644066816,,1.334,1.314,236.158,0.1448,0.51,0.01302,1.14407,0.1088
SLV,iShares Silver Trust,60.720001,,20421600,17582959,61.169998,60.16,61.709999,60.720001,1.350002,2.27388,59.369999,2026-09-10,,,,,,,,,"The Trust seeks to reflect such performance before payment of the Trust's expenses and liabilities. It is not actively managed. The Trust does not engage in any activities designed to obtain a profit from, or to ameliorate losses caused by, changes in the price of silver.",PCX,,,,true,false,true,,,USD,,,,,,0,2026-09-10T12:07:28+00:00,2026-09-09T16:48:22+00:00,Equity,,,,,,,,,,,,,,,,,,34683150336,,0.5,,,,,,,,
SLYV,State Street SPDR S&P 600 Small Cap Value ETF,107.739998,,118000,186912,108.389999,107.519997,108.510002,107.739998,-0.779999,-0.71876,108.519997,2026-09-10,,,,35002100,16.09993,,,,"The fund generally invests substantially all, but at least 80%, of its total assets in the securities comprising the index. The index measures the performance of the small-capitalization value segment of the U.S. equity market. It may purchase a subset of the securities in the index in an effort to hold a portfolio of securities with generally the same risk and return characteristics of the index.",PCX,,,,true,false,true,,,USD,,,,,,1.81,2026-09-10T12:07:30+00:00,2026-09-09T16:48:23+00:00,Equity,,,,,,,,,,,,,1.625479,,,,,5003500032,,0.15,,,,,,,,
SOS,SOS Limited,0.767,14149228,16200,70432,0.797,0.767,0.813,0.767,0,0,0.767,2026-09-10,,,,13235873,,-6.02,Financial Services,Capital Markets,"SOS Limited operates as a blockchain-based and big data-driven marketing solution provider in the People's Republic of China. The company offers marketing data, technology, and solutions for insurance companies and emergency rescue services. It also provides SOS cloud emergency rescue service software as a service platform that offers basic cloud products, such as medical rescue, automobile rescue, financial rescue, and rescue mutual aid card services. In addition, the company offers cooperative cloud systems, including information rescue center, intelligent big data, and intelligent software and hardware; information cloud systems, such as news today and e-commerce today; information security services, and marketing-related data; and technology and solutions for emergency rescue services, such as insurance, finance, medical care, health, automobile, safety and mutual aid, and builds a rescue service system. Further, it provides blockchain and cryptocurrency operations, including hosting service to cryptocurrency miners; commodities trading products, such as mineral resin, soy bean, wheat, sesame, and liquid sulfur and latex; telecommunication, insurance, and bank call services; and rescue cards. The company serves large businesses, and small and medium-sized enterprises. SOS Limited was founded in 2004 and is headquartered in Qingdao, the People's Republic of China.",NYQ,Mr. Yandai  Wang,China,,false,false,true,https://service.sosyun.com,,USD,51,Qingdao,,86 53 2866 17117,"Building 6, East Seaview Park",,2026-09-10T12:07:30+00:00,2026-09-09T16:48:24+00:00,Equity,-0.2267,-0.13009,0.01462,-1.29246,-0.63075,-0.621,,154290000,-89893000,-281035360,-97319000,7170000,0.029587,-0.077,0.045,2000,423139000,465055000,5414000,,11.05,1.19,0,0,,0.06539,0.00612,0.0418
SPCE,"Virgin Galactic Holdings, Inc.",2.96,457061664,4070400,16349693,3.11,2.96,3.175,2.96,-0.17,-5.431312,3.13,2026-09-10,,,2.811,151595903,,-2.97,Industrials,Aerospace & Defense,"Virgin Galactic Holdings, Inc., an aerospace and space travel company, focuses on the development, manufacture, and operation of spaceships and related technologies. It engages in the design and development, manufacturing, ground and flight testing, spaceflight operation, and post-flight maintenance of spaceflight systems for private individuals, researchers, and government agencies. Virgin Galactic Holdings, Inc. is headquartered in Tustin, California.",NYQ,Mr. Michael A. Colglazier,United States,,false,false,true,https://www.virgingalactic.com,,USD,694,Tustin,CA,949 774 7640,1700 Flight Way,,2026-09-10T12:07:31+00:00,2026-09-09T16:48:25+00:00,Equity,-0.75132,-0.18976,0,-484.52237,0,-0.67,,1038000,-244380992,-295968000,-247744000,18698000,1.07525,-1.984,467.028,265334000,273964000,803179000,255054000,,1.624,1.327,66.984,0,,0.00391,0.37782,0.257
SPCX,Space Exploration Technologies Corp.,147.550003,1924790353920,120383900,109317726,152.039993,145.550003,153,147.550003,-5.919998,-3.85743,153.470001,2026-09-10,,,,7696293669,,-1.1,Industrials,Aerospace & Defense,"Space Exploration Technologies Corp. provides satellite-based broadband services in the United States, Ireland, Canada, and internationally. It operates through three operating segments: Space, Connectivity, and AI. The Space segment designs, manufactures, and launches reusable rockets to provide access to space. It also provides launch services for the deployment of payloads to intended orbits for commercial and government customers utilizing Falcon 9 and Falcon Heavy; and engages in the launch and development for the development of spacecraft and the provision of launch and mission services for government agency space programs utilizing Falcon 9, Falcon Heavy, Starship, and Dragon. Its company's Connectivity segment operates broadband data and communications network by various Starlink satellites in low-earth orbit, delivering connectivity to various consumers, enterprise, and government customers. The company's AI segment operates a vertically integrated AI platform spanning a frontier LLM Grok; AI solutions for consumer and enterprise customers; X, a real-time information, entertainment, and free speech platform; and AI computational infrastructure. Space Exploration Technologies Corp. was incorporated in 2002 and is based in Starbase, Texas.",NMS,Mr. Elon R. Musk,United States,2026-06-12,false,false,true,https://www.spacex.com,,USD,21000,Starbase,TX,310 363 6000,1 Rocket Road,,2026-09-10T12:07:32+00:00,2026-09-09T16:48:26+00:00,Equity,,,0.51875,-0.01804,-0.35662,0.919,,23043999744,5896999936,,-8888999936,1947000000,15.1221,675.889,172.961,39708000256,41325000000,92079000000,100009000960,,5.115,4.949,31.211,0,,0.12732,0.48166,0.0293
SPHR,Sphere Entertainment Co.,140.940002,5067949056,542500,723877,139.830002,139.009995,142.554993,140.940002,-1.470001,-1.032232,142.410004,2026-09-10,,,1.612,29046853,,-2.12,Communication Services,Entertainment,"Sphere Entertainment Co. operates as a live entertainment and media company in the United States. It operates through two segments, Sphere and MSG Networks. The Sphere segment offers entertainment medium powered by technologies to create multi-sensory experiences. The MSG Networks segment provides regional sports and entertainment networks; direct-to-consumer and authenticated streaming products, as well as sports content, including live local games and other programming. The company was formerly known as Madison Square Garden Entertainment Corp. and changed its name to Sphere Entertainment Co. in April 2023. Sphere Entertainment Co. was founded in 2006 and is based in New York, New York.",NYQ,Mr. James Lawrence Dolan,United States,,false,false,true,https://www.sphereentertainmentco.com,,USD,1100,New York,NY,725 258 0001,Two Pennsylvania Plaza,,2026-09-10T12:07:33+00:00,2026-09-09T16:48:27+00:00,Equity,-0.03097,-0.01253,0.54707,-0.19548,-0.05663,0.11,,1356845056,254383008,442722880,-76838000,59005000,2.274764,21.53,4.036,913305984,2233239000,4209908000,550974016,,1.224,1.118,40.995,0,,0.06583,1.34369,0.3251
SPRY,"ARS Pharmaceuticals, Inc.",5.23,526076448,874500,2006614,5.35,5.215,5.38,5.23,-0.16,-2.968457,5.39,2026-09-10,,,0.998,99447343,,-2.18,Healthcare,Biotechnology,"ARS Pharmaceuticals, Inc., a biopharmaceutical company, develops and commercializes treatments for severe allergic reactions in the United States and internationally. The company is involved in the development of neffy, a needle-free intranasal delivery of epinephrine for emergency treatment of Type I allergic reactions, including anaphylaxis. ARS Pharmaceuticals, Inc. was founded in 2015 and is headquartered in San Diego, California.",NGM,Mr. Justin  Chakma,United States,,false,false,true,https://ars-pharma.com,,USD,195,San Diego,CA,858 771 9307,11682 El Camino Real,,2026-09-10T12:07:35+00:00,2026-09-09T16:48:28+00:00,Equity,-2.10349,-0.48019,0.58346,-1.82616,-1.84245,1.142,,116927000,-214646000,-117704248,-215432000,22095000,41.984127,-2.627,4.822,171603008,114258000,327652000,143844992,,3.475,3.146,1371.507,0,,0.16184,0.92081,0.3328
STNG,Scorpio Tankers Inc.,83.059998,4157804032,650300,795117,82.349998,81.440002,83.82,83.059998,0.939995,1.14466,82.120003,2026-09-10,,,-0.227,50081352,5.172648,16.05,Energy,Oil & Gas Midstream,"Scorpio Tankers Inc., together with its subsidiaries, engages in the seaborne transportation of crude oil and refined petroleum products worldwide. As of March 19, 2026, its fleet consisted of 90 wholly owned tankers, including 34 LR2, 42MR, and 14 Handymax. Scorpio Tankers Inc. was incorporated in 2009 and is headquartered in Monaco.",NYQ,Mr. Emanuele A. Lauro,Monaco,,false,false,true,https://www.scorpiotankers.com,,USD,24,Monaco,,377 9798 5716,99 Boulevard du Jardin Exotique,2.19,2026-09-10T12:07:36+00:00,2026-09-09T16:48:30+00:00,Equity,0.24619,0.08242,0.72968,0.5974,0.67157,0.775,3.828,1215607040,698793024,271909888,816369984,71654000,1.224029,3.757,2.16,728875008,3198998000,3917840000,1838781952,,6.932,6.32,20.026,0.1072,2.46,0.14608,0.74711,0.0564
SYM,Symbotic Inc.,42.619999,26306127872,1499900,1771182,42.720001,42.610001,43.529999,42.619999,-0.68,-1.57044,43.299999,2026-09-10,,,1.942,129873381,1086.3751,0.04,Industrials,Specialty Industrial Machinery,"Symbotic Inc., an automation technology company, develops technologies to enhance operating efficiencies in modern warehouses. The company automates the processing of pallets, cases, and individual items in warehouses. Its systems enhance operations at the front end of the supply chain. The company is headquartered in Wilmington, Massachusetts.",NGM,Mr. Richard B. Cohen,United States,,false,false,true,https://www.symbotic.com,,USD,2000,Wilmington,MA,978 284 2800,200 Research Drive,,2026-09-10T12:07:37+00:00,2026-09-09T16:48:31+00:00,Equity,0.04392,0.00321,0.21268,0.04594,0.0031,0.217,,2645760000,56533000,547580608,8209000,183936000,8.044243,76.559,1.636,25827000,221318000,2401197000,1746445952,,1.331,1.162,2.278,0,5.3457,0.13621,0.78956,0.2837
TARS,"Tarsus Pharmaceuticals, Inc.",82.769997,3699336704,564900,1003830,86.309998,82.669998,87.309998,82.769997,-4.450005,-5.102046,87.220001,2026-09-10,,,0.541,43882996,,-1.07,Healthcare,Biotechnology,"Tarsus Pharmaceuticals, Inc., a commercial stage biopharmaceutical company, focuses on the development and commercialization of therapeutic candidates for eye care in the United States. The company offers XDEMVY, a lotilaner ophthalmic solution for the treatment of demodex blepharitis caused by the infestation of Demodex mites. It sells its products to specialty pharmacies and distributors, as well as clinics, hospitals, pharmacies, and federal healthcare programs. The company also develops TP-04, a sterile aqueous gel formulation of lotilaner in Phase 2 trial for the treatment of ocular rosacea; and TP-05, an oral tablet formulation of lotilaner in Phase 2 trial for the prevention of Lyme disease, as well as in pre-clinical studies for community malaria reduction. In addition, it is developing the lotilaner active pharmaceutical ingredient (API) to address diseases in human medicine, including eye care and infectious disease prevention. The company has a development and license agreement with Xi An Grand Chang An Pharmaceutical Co., Ltd. for the development and commercialization of TP-03 in China for the treatment of Demodex blepharitis and meibomian gland disease. Tarsus Pharmaceuticals, Inc. was incorporated in 2016 and is headquartered in Irvine, California.",NMS,Dr. Bobak R. Azamian M.D.,United States,2020-10-16,false,false,true,https://tarsusrx.com,,USD,370,Irvine,CA,949 418 1801,17700 Laguna Canyon Road,,2026-09-10T12:07:38+00:00,2026-09-09T16:48:32+00:00,Equity,-0.13683,-0.05485,0.82672,-0.11447,-0.07665,0.694,,606331008,-46195000,67467872,-46476000,41720000,10.520406,-75.043,5.717,88811000,343426000,562158000,449689984,,3.198,3.118,25.614,0,,0.02865,1.06083,0.1412
TNA,Direxion Daily Small Cap Bull 3X Shares,66.120003,,3892400,4481454,68.059998,65.900002,68.550003,66.120003,-2.860001,-4.14613,68.980003,2026-09-10,,,,,16.76399,,,,"The fund invests at least 80% of its net assets in financial instruments, such as swap agreements, securities of the index, and exchange-traded funds (""ETFs"") that track the index, that, in combination, provide 3X daily leveraged exposure to the index, consistent with the fund's investment objective. The index measures the performance of approximately 2,000 small-capitalization companies in the Russell 3000® Index, based on a combination of their market capitalization and current index membership. The fund is non-diversified.",PCX,,,,true,false,true,,,USD,,,,866-476-7523,,0.3,2026-09-10T12:07:39+00:00,2026-09-09T16:48:33+00:00,Equity,,,,,,,,,,,,,,,,,,1208858624,,1.05,,,,,,,,
TPR,"Tapestry, Inc.",113.709999,22979891200,5460500,2957946,116.800003,113.57,117.550003,113.709999,-3.870003,-3.291378,117.580002,2026-09-10,,,1.432,199391678,15.852819,7.27,Consumer Cyclical,Luxury Goods,"Tapestry, Inc. provides accessories and lifestyle brand products in North America, Greater China, rest of Asia, and internationally. The company operates in two segments, Coach and Kate Spade. It offers handbags, fashion designs, business cases, computer bags, messenger style bags, backpacks, travel bags, and totes; accessories, such as small leather goods which includes mini and micro handbags, money pieces, wristlets, pouches, and cosmetic cases, as well as novelty accessories, including address books, time management and travel accessories, sketchbooks, and portfolios; and belts, key rings, technology accessories, gifting, straps, and charms. The company also provides women's and men's footwear, which casual and dress shoes, boots, sneakers, and sandals; and other products which includes outerwear, ready-to-wear, jewelry, watches, eyewear, fragrance, scarves, hats, gloves, and other products. It offers its products through retail and outlet stores, brand e-commerce sites, and concession shop-in-shops, as well as third-party digital platforms, including marketplaces. The company was formerly known as Coach, Inc. and changed its name to Tapestry, Inc. in October 2017. Tapestry, Inc. was founded in 1941 and is headquartered in New York, New York.",NYQ,Ms. Joanne C. Crevoiserat,United States,,false,false,true,https://www.tapestry.com,,USD,12600,New York,NY,212 946 8400,10 Hudson Yards,1.57,2026-09-10T12:07:40+00:00,2026-09-09T16:48:34+00:00,Equity,1.97135,0.17543,0.76595,0.19823,0.19086,0.089,,8004199936,2023500032,1399924992,1527699968,104500000,33.36711,12.972,3.279,3956100096,692100000,6691700000,1152000000,,1.752,1.008,571.608,0.2201,1.6828,0.00417,1.02465,0.0909
TRUP,"Trupanion, Inc.",24.799999,1085931648,536900,454388,25.77,24.5,26.15,24.799999,-1.320002,-5.053605,26.120001,2026-09-10,,,1.452,43620472,46.971703,0.53,Financial Services,Insurance - Property & Casualty,"Trupanion, Inc., together with its subsidiaries, provides medical insurance for cats and dogs on subscription basis in the United States, Canada, and Continental Europe. The company operates in two segments, Subscription Business and Other Business. It serves pet owners and veterinarians. The company was formerly known as Vetinsurance International, Inc. and changed its name to Trupanion, Inc. in 2013. Trupanion, Inc. was founded in 2000 and is headquartered in Seattle, Washington.",NGM,Mr. Darryl Graham Andrew Rawlings,United States,,false,false,true,https://www.trupanion.com,,USD,1121,Seattle,WA,855 727 9079,6100 4th Avenue South,,2026-09-10T12:07:41+00:00,2026-09-09T16:48:35+00:00,Equity,0.06068,0.01776,0.22584,0.01623,0.01526,0.111,-0.289,1520755968,40739000,11546000,23214000,38312000,2.665988,20.972,0.562,106909000,383936000,915044000,398491008,,1.774,1.728,26.096,0,,0.1571,0.78961,0.1091
TWG,Top Wealth Group Holding Limited,0.51,32165650,2942500,1602040,0.484,0.465,0.515,0.51,-0.011,-2.111331,0.521,2026-09-10,,,0.226,59579883,3.753846,0.13,Consumer Defensive,Food Distribution,"Top Wealth Group Holding Limited provides caviar and caviar-based gourmet products worldwide. The company trades in caviars; and wine and health products. It serves food and beverage related distributors. The company was incorporated in 2009 and is based in Sai Wan, Hong Kong. Top Wealth Group Holding Limited operates as a subsidiary of Winwin Development Group Limited.",NCM,Mr. Yuen Cheong Carp  Lee,Hong Kong,2024-04-16,false,false,true,https://www.imperialcristalcaviar.com,,USD,2,Sai Wan,,852 3615 8567,Hong Kong Plaza,,2026-09-10T12:07:42+00:00,2026-09-09T16:48:37+00:00,Equity,0.06309,0.03838,0.72519,0.45662,0.32329,0.48,-0.968,11123255,3658485,-21647554,3596018,1658844,0.025782,3.214,1.057,194934,27761375,29432372,295256,,17.44,7.79,0.21,0,,0.25464,0.00198,0.0011
UAMY,United States Antimony Corporation,5.31,804682432,4629000,6921161,5.45,5.2,5.45,5.31,-0.13,-2.389708,5.44,2026-09-10,,,0.395,149669384,,-0.13,Basic Materials,Other Industrial Metals & Mining,"United States Antimony Corporation produces and sells antimony, zeolite, and precious metals in the United States and Canada. It operates in two segments: Antimony and Zeolite. The company offers antimony trioxide that is primarily used in conjunction with a halogen to form a synergistic flame retardant system for plastics, rubber, fiberglass, textile goods, paints, coatings, and paper, as well as color fastener in paints and as a phosphorescent agent in fluorescent light bulbs; antimony metal for use in bearings, storage batteries, and ordnance; and antimony trisulfide used as a primer in ammunition. The company also offers coarse and fine zeolite for soil amendment and fertilizer, water filtration, mine underground ventilation, sewage treatment, nuclear waste and other environmental cleanup, odor control, gas separation, and animal nutrition applications, as well as catalysts, petroleum refining, concrete, solar energy and heat exchange, desiccants, pellet binding, horse and kitty litter, floor cleaner, traction control, ammonia removal from mining waste, and carriers for insecticides, pesticides and herbicides. In addition, it recovers unrefined and refined gold and silver. United States Antimony Corporation was founded in 1968 and is headquartered in Dallas, Texas.",NYQ,Mr. Gary C. Evans,United States,,false,false,true,https://www.usantimony.com,,USD,100,Dallas,TX,406 606 4117,4438 W. Lover’s Lane,,2026-09-10T12:07:43+00:00,2026-09-09T16:48:38+00:00,Equity,-0.14874,-0.1247,0.17444,-0.8808,-0.44596,-0.247,-0.494,36442248,-22117960,-63091000,-16259305,7081705,5.831236,-34.744,21.087,364081,140955189,153925669,46100328,,11.538,7.334,0.201,0,,0.08539,0.63746,0.2318
ULCC,"Frontier Group Holdings, Inc.",5.65,1305323520,2703000,3684295,5.61,5.59,5.73,5.65,-0.08,-1.396159,5.73,2026-09-10,,,2.571,230215771,,-1.68,Industrials,Airlines,"Frontier Group Holdings, Inc., provides low-fare passenger airline services to leisure travelers in the United States and Latin America. The company sells its products through direct distribution channels, such as websites, mobile apps, and contact centers. As of December 31, 2025, it had a fleet of 176 Airbus single-aisle aircraft. Frontier Group Holdings, Inc. was founded in 1994 and is headquartered in Denver, Colorado.",NMS,Mr. James G. Dempsey,United States,2021-04-01,false,false,true,https://www.flyfrontier.com,,USD,8352,Denver,CO,720 374 4550,4545 Airport Way,,2026-09-10T12:07:44+00:00,2026-09-09T16:48:39+00:00,Equity,-1.20249,-0.05248,0.00554,-0.09226,-0.09292,0.377,,4153999872,-473000000,-78250000,-386000000,21000000,5.869565,-11.852,1.35,5241999872,491000000,7220000000,955000000,,0.583,0.517,3854.412,0,,0.43344,0.59592,0.3954
ULTA,"Ulta Beauty, Inc.",541.859985,23277594624,489500,682345,543.890015,540.01001,550.059998,541.859985,-7.369995,-1.341878,549.22998,2026-09-10,,,0.854,42757471,19.825563,27.46,Consumer Cyclical,Specialty Retail,"Ulta Beauty, Inc. operates as a specialty beauty retailer in the United States, Mexico, and Kuwait. The company offers branded and private label beauty products, including cosmetics, fragrance, haircare, skincare, bath and body products, professional hair products, and salon styling tools through its Ulta Beauty stores, shop-in-shops, Ulta.com website, and its mobile applications. It also provides wellness products. The company was formerly known as ULTA Salon, Cosmetics & Fragrance, Inc. and changed its name to Ulta Beauty, Inc. in January 2017. Ulta Beauty, Inc. was incorporated in 1990 and is based in Bolingbrook, Illinois.",NMS,Ms. Kecia L. Steelman,United States,,false,false,true,https://www.ulta.com,,USD,21382,Bolingbrook,IL,630 410 4800,1000 Remington Boulevard,,2026-09-10T12:07:45+00:00,2026-09-09T16:48:40+00:00,Equity,0.46117,0.14843,0.43097,0.12506,0.0934,0.089,0.133,12955516928,1934352000,914087360,1210027008,37426000,8.576762,13.335,1.991,2524030976,2803451000,6999294000,213451008,,1.345,0.203,95.472,0,1.9751,0.0025,1.04238,0.0468
UPST,"Upstart Holdings, Inc.",25.889999,2551548160,4962400,4317145,26.809999,25.860001,26.93,25.889999,-1.09,-4.04003,26.98,2026-09-10,,,2.165,97313046,50.423077,0.52,Financial Services,Credit Services,"Upstart Holdings, Inc., together with its subsidiaries, operates a cloud-based artificial intelligence (AI) lending platform in the United States. The company operates through three segments: Personal Lending, Auto Lending, and Other. Its platform includes unsecured personal loans, small dollar loans, auto refinance, auto retail loans, and auto secured personal loan, and home equity lines of credit. Upstart Holdings, Inc. was founded in 2012 and is headquartered in San Mateo, California.",NMS,Mr. David J. Girouard,United States,2020-12-16,false,false,true,https://www.upstart.com,,USD,1405,San Mateo,CA,833 212 2461,2950 South Delaware Street,,2026-09-10T12:07:46+00:00,2026-09-09T16:48:41+00:00,Equity,0.07941,0.0198,0.83043,0.07202,0.04692,0.423,2.112,1285890048,115055000,-132382752,60334000,131950000,3.199121,36.724,3.286,2057602944,798815000,2974805000,457843008,,10.455,2.388,258.011,0,,0.12747,0.63249,0.2913
UROY,Uranium Royalty Corp.,4.8,1897715328,4973500,2856793,4.81,4.79,4.98,4.8,-0.02,-0.414937,4.82,2026-09-10,,,1.424,381067318,17.172415,0.29,Energy,Uranium,"Uranium Royalty Corp. operates as a uranium and land royalty company in Canada. It engages in acquiring and assembling a portfolio of royalties; investing in companies with exposure to uranium and physical uranium; and the purchase and sale of physical uranium. The company was incorporated in 2017 and is based in Lakewood, Colorado.",NCM,Mr. Scott Eric Melbye,United States,2021-04-28,false,false,true,https://www.uraniumroyalty.com,,USD,,Lakewood,CO,604 396 8222,141 Union Blvd,,2026-09-10T12:07:47+00:00,2026-09-09T16:48:42+00:00,Equity,0.1525,0.1074,0.30627,0.32103,0.21529,43.426,,186952000,50757000,169559744,40249000,746000,2.333646,8.912,2.42,114000,312770000,373320000,254338000,,5.936,4.586,0.036,0,,0.08148,0.27996,
UVIX,2x Long VIX Futures ETF,40.060001,,1450100,1752786,39.75,39.259998,40.599998,40.060001,0.870003,2.219961,39.189999,2026-09-10,,,,,,,,,The index measures the daily performance of a portfolio of long positions in first and second month VIX futures contracts. This theoretical portfolio is rolled each day to maintain a consistent time to maturity of the futures contracts. The index is calculated daily at 4:00 p.m. (Eastern time) and at a value calculated from the average price for the futures contracts between 3:45 p.m. (Eastern time) and 4:00 p.m. (Eastern time).,BTS,,,,true,false,true,,,USD,,,,(866) 261-0273,,0,2026-09-10T12:07:48+00:00,2026-09-09T16:48:43+00:00,Equity,,,,,,,,,,,,,,,,,,182416912,,4.13,,,,,,,,
UVXY,ProShares Ultra VIX Short-Term Futures ETF,18.379999,,7223300,6745869,18.200001,18,18.48,18.379999,0.449999,2.509754,17.93,2026-09-10,,,,,,,,,The index seeks to offer exposure to market volatility through publicly traded futures markets and is designed to measure the implied volatility of the S&P 500 over 30 days in the future.,BTS,,,,true,false,true,,,USD,,,,240-497-6400,,0,2026-09-10T12:07:49+00:00,2026-09-09T16:48:43+00:00,Equity,,,,,,,,,,,,,,,,,,291475136,,1.23,,,,,,,,
VFC,V.F. Corporation,12.91,5100920832,6076400,7139225,13.14,12.88,13.19,12.91,-0.29,-2.196969,13.2,2026-09-10,,,0.974,393134570,18.804348,0.69,Consumer Cyclical,Apparel Manufacturing,"V.F. Corporation, together with its subsidiaries, offers branded apparel, footwear, and accessories for men, women, and children in the Americas, Europe, and the Asia-Pacific. The company operates through two segments: Outdoor and Active. The company provides outdoor apparel, footwear, equipment, accessories; and style-forward and weather-ready footwear, apparel, and accessories under the Timberland, Timberland PRO, and The North Face brands. It also offers youth culture/action sports-inspired and apparel, footwear, and accessories; handbags, luggage, backpacks, totes, and accessories; and backpacks and luggage under the Vans, Kipling, Eastpak, and JanSport brands. In addition, the company provides performance-based footwear; performance merino wool and other natural fibers-based apparel and accessories; performance-based footwear; and high-performance apparel and accessories based on natural fibers under the Smartwool, Napapijri, Icebreaker, and Altra brands. The company sells its products primarily to specialty stores, department stores, national chains, independently operated partnership stores, and mass merchants, as well as sells through direct-to-consumer operations, including retail stores, concession retail stores, and e-commerce sites, and other digital platforms. V.F. Corporation was incorporated in 1899 and is headquartered in Denver, Colorado.",NYQ,Mr. Bracken P. Darrell,United States,,false,false,true,https://www.vfc.com,,USD,14560,Denver,CO,720 778 4000,1551 Wewatta Street,2.73,2026-09-10T12:07:50+00:00,2026-09-09T16:48:45+00:00,Equity,0.22092,0.10762,0.50798,-0.05529,0.05546,-0.052,,12784847872,1974168064,781847872,814185024,76954000,1.372435,4.805,0.742,4953681920,1849878000,9290177000,670062976,,1.443,0.632,280.723,0.5217,0.3324,0.01,0.93172,0.0834
VITL,"Vital Farms, Inc.",9.89,421587520,919900,1791217,9.98,9.765,10.01,9.89,-0.19,-1.884916,10.08,2026-09-10,,,1.047,42931522,,-0.05,Consumer Defensive,Farm Products,"Vital Farms, Inc., a food company, packages, markets, and distributes shell eggs, butter, and other products in the United States. The company produces products sourced from animals raised on family farms, including shell eggs, stick butter, hard-boiled eggs, and liquid whole eggs under the Vital Farms brand and other trade names. It offers its products through third parties and direct to retailers, and commercial and non-commercial foodservice operators. The company was founded in 2007 and is headquartered in Austin, Texas.",NGM,Mr. Russell  Diez-Canseco,United States,,false,false,true,https://vitalfarms.com,,USD,739,Austin,TX,877 455 3063,3601 South Congress Avenue,,2026-09-10T12:07:51+00:00,2026-09-09T16:48:46+00:00,Equity,0.00053,0.00044,0.28122,-0.2418,0.0002,-0.101,,765672000,15713000,-98007128,156000,12389000,1.305157,33.078,0.679,108248000,351260000,518738000,21239000,,1.104,0.54,38.162,0,,0.18354,0.87712,0.281
VRSN,"VeriSign, Inc.",286.940002,25914064896,743900,806777,282.200012,280.980011,288.209991,286.940002,4.73999,1.679656,282.200012,2026-09-10,,,0.699,90400000,31.158697,9.2,Technology,Software - Infrastructure,"VeriSign, Inc., together with its subsidiaries, provides internet infrastructure and domain name registry services that enables internet navigation for various recognized domain names worldwide. The company provides root zone maintainer services, operating two of thirteen internet root servers; and offering registration services and authoritative resolution for the .com and .net domains, which supports global e-commerce. It operates directory for .name and .cc; and back-end systems for .edu, domain names. The company was incorporated in 1995 and is headquartered in Reston, Virginia.",NMS,Mr. D. James Bidzos,United States,,false,false,true,https://www.verisign.com,,USD,926,Reston,VA,703 948 3200,12061 Bluemont Way,1.15,2026-09-10T12:07:52+00:00,2026-09-09T16:48:47+00:00,Equity,,0.45124,0.88465,0.68178,0.49769,0.06,0.077,1707900032,1186000000,832837504,850000000,69700000,-11.496291,22.588,15.685,2340300032,-2154200000,1325900000,1034099968,,0.591,0.557,,0.3431,2.5919,0.10591,0.89943,0.0166
W,Wayfair Inc.,100.120003,13542717440,2434500,3237562,99.730003,98.110001,100.900002,100.120003,0.150002,0.150047,99.970001,2026-09-10,,,2.998,115990166,,-2.48,Consumer Cyclical,Internet Retail,"Wayfair Inc. engages in the e-commerce business in the United States and internationally. It provides online selections of furniture, décor, housewares, and home improvement products through its sites comprising Wayfair, Joss & Main, AllModern, Birch Lane, Perigold, and Wayfair Professional. The company offers its products under the Three Posts and Mercury Row brands. Wayfair Inc. was founded in 2002 and is headquartered in Boston, Massachusetts.",NYQ,Mr. Niraj S. Shah,United States,,false,false,true,https://www.wayfair.com,,USD,11800,Boston,MA,617 532 6100,4 Copley Place,,2026-09-10T12:07:54+00:00,2026-09-09T16:48:49+00:00,Equity,,0.05335,0.30347,0.03012,-0.02488,0.075,,12903999488,354000000,471624992,-321000000,335000000,,45.383,1.245,3516000000,-2782000000,3440000000,1143000064,,0.743,0.585,,0,23.5,0.03747,1.06073,0.1171
WOLF,"Wolfspeed, Inc.",27.280001,1452100480,2115000,4564977,28.4,26.92,29.49,27.280001,-1.599998,-5.540161,28.879999,2026-09-10,,,,51972101,,-11.39,Technology,Semiconductors,"Wolfspeed, Inc., a semiconductor company, focuses on silicon carbide materials and devices for power applications in Europe, Hong Kong, Singapore, China, rest of Asia Pacific, Japan, the United States, and internationally. The company offers silicon carbide and gallium nitride (GaN) materials, including silicon carbide bare wafers, epitaxial wafers, and GaN epitaxial layers on silicon carbide wafers to manufacture products for RF, silicon carbide substrates, mosfets, schotky diodes, power, and other applications. It also provides power devices, such as silicon carbide Schottky diodes, metal oxide semiconductor field effect transistors (MOSFETs), and power modules for customers and distributors to use in various applications of automotive domains, including electric vehicles and fast charging, as well as existing and emerging applications in the industrial and energy domain, such as AI data centers, grid modernization, and renewable energy and storage. The company was formerly known as Cree, Inc. and changed its name to Wolfspeed, Inc. in October 2021. Wolfspeed, Inc. was founded in 1987 and is headquartered in Durham, North Carolina.",NYQ,Mr. Robert A. Feurle,United States,,false,false,true,https://www.wolfspeed.com,,USD,2371,Durham,NC,919 313 5300,4600 Silicon Drive,,2026-09-10T12:07:55+00:00,2026-09-09T16:48:50+00:00,Equity,0.01822,-0.0578,-0.28236,-0.31618,0.00662,-0.241,,665100032,-323500000,326237504,4400000,73300000,1.321853,-6.918,3.365,1796199936,930200000,3004900000,1088600064,,6.863,5.515,193.098,0,,0.0076,1.31226,
WOOF,"Petco Health and Wellness Company, Inc.",2.47,700295296,3789700,1955135,2.59,2.43,2.595,2.47,-0.13,-4.999995,2.6,2026-09-10,,,1.532,248628576,24.449999,0.1,Consumer Cyclical,Specialty Retail,"Petco Health and Wellness Company, Inc., operates as a pet specialty retailer, focuses on enhancing the lives of pets, pet parents, and its Petco partners in the United States, Mexico, Puerto Rico, and Chile. The company provides veterinary care, grooming, and training services; and pet care supplies and companion animals. It also offers a range of consumables, supplies, and services through its petco.com website and mobile app. In addition, the company treats whole pet, including their physical, mental, and social well-being. It offers its products under the WholeHearted, Reddy, So Phresh, and Well & Good brand names. Petco Health and Wellness Company, Inc. was founded in 1965 and is headquartered in San Diego, California.",NMS,Mr. Joel D. Anderson,United States,2021-01-14,false,false,true,https://corporate.petco.com,,USD,29000,San Diego,CA,858 453 7845,10850 Via Frontera,,2026-09-10T12:07:56+00:00,2026-09-09T16:48:51+00:00,Equity,0.0258,0.0164,0.38813,0.03211,0.00507,0,1.6,5965491200,332368992,160643248,30269000,32650000,0.579521,9.845,0.549,2821220096,1164254000,5173425000,293772000,,0.903,0.285,233.752,0,,0.03405,1.21524,0.2089
WPM,Wheaton Precious Metals Corp.,156.759995,71636926464,1659600,2193925,157.949997,156.279999,160.990005,156.759995,1.649994,1.063757,155.110001,2026-09-10,,,1.274,454159968,34.9745,4.51,Basic Materials,Gold,"Wheaton Precious Metals Corp. operates as a precious metal streaming company. It explores for gold, silver, palladium, platinum, and cobalt deposits in Canada, the United States, Mexico, Portugal, Sweden, the United Kingdom, Argentina, Chile, Brazil, Peru, Ecuador, Colombia, Côte d'Ivoire, Ethiopia, and South Africa. The company was formerly known as Silver Wheaton Corp. and changed its name to Wheaton Precious Metals Corp. in May 2017. Wheaton Precious Metals Corp. was founded in 2004 and is headquartered in Vancouver, Canada.",NYQ,Mr. Haytham Henry Hodaly,Canada,,false,false,true,https://www.wheatonpm.com,,USD,,Vancouver,BC,604 684 9648,1021 West Hastings Street,0.5,2026-09-10T12:07:57+00:00,2026-09-09T16:48:52+00:00,Equity,0.2355,0.14365,0.86337,0.7229,0.64659,0.847,0.857,3171641088,2667892992,-3523585536,2050745984,32504000,7.392558,27.108,22.802,1976749952,8690508000,9125781000,100192000,,0.466,0.452,20.399,0.1597,0.43,0.00113,0.72643,
WTM,"White Mountains Insurance Group, Ltd.",2050.810059,4875820544,16400,19854,2051.629883,2037,2055.699951,2050.810059,-1.669922,-0.081361,2052.47998,2026-09-10,,,0.295,2386721,4.679529,436.56,Financial Services,Insurance - Property & Casualty,"White Mountains Insurance Group, Ltd. provides insurance services in the United States, the United Kingdom, Bermuda, and internationally. It operates through Ark/WM Outrigger, HG Global, Kudu, Distinguished, and Other Operations segments. The company offers property insurance and reinsurance; specialty insurance and reinsurance consisting of aviation, contingency, cyber, fine art and specie, mortgage, nuclear, political and credit, space, surety, and terrorism and political violence; marine and energy insurance and reinsurance; casualty insurance and reinsurance, such as medical malpractice, and professional and general liability; and accident and health insurance and reinsurance, which includes personal accident, sickness, disability, travel, short-term life, and medical products through brokers, managing general agents (MGA), and reinsurance intermediaries. It also provides municipal bond guarantee reinsurance, which focuses on single risk limits for small-to-medium sized, and public investment grade municipal bonds that are issued to finance public purpose projects, including schools, utilities, and transportation facilities. In addition, the company offers capital solutions for boutique asset and wealth managers for generational ownership transfers, management buyouts, acquisition and growth finance, and legacy partner liquidity; strategic advice; investment management; and specialty electrical contracting services. Further, it operates as a full-service MGA and program administrator for specialty property and casualty insurance for the real estate and hospitality end markets, and start-up programs; and an MGA for leisure travel and global expatriate medical insurance in Israel, the European Union, and Australia. The company was formerly known as Fund American Enterprises Holdings, Inc. and changed its name to White Mountains Insurance Group, Ltd. in 1999. White Mountains Insurance Group, Ltd. was incorporated in 1980 and is headquartered in Hamilton, Bermuda.",NYQ,Mr. Liam P. Caffrey,Bermuda,,false,false,true,https://www.whitemountains.com,,USD,1648,Hamilton,,441 278 3160,A.S. Cooper Building,0.05,2026-09-10T12:07:58+00:00,2026-09-09T16:48:53+00:00,Equity,0.20364,0.03546,0.53335,0.36408,0.37664,0.225,0.688,2978700032,748600000,687000000,1098599936,,0.929532,7.419,1.865,932499968,5425400000,12306500000,1075900032,,1.423,0.931,14.915,0.0023,0.81,0.03224,0.96303,0.0589
WTRG,"Essential Utilities, Inc.",42,11867204608,1793700,2140004,41.939999,41.689999,42.41,42,0.060001,0.143065,41.939999,2026-09-10,,,0.632,283632983,21.45641,1.95,Utilities,Utilities - Regulated Water,"Essential Utilities, Inc., through its subsidiaries, operates regulated utilities that provide water, wastewater, and natural gas services in the United States. The company operates through Regulated Water; and Regulated Natural Gas segments. It also provides utility service line protection solutions and repair services to households; gas marketing and production activities; and natural gas distribution services. The company serves approximately 5.5 million residential water, commercial water, fire protection, industrial water, wastewater, and other water and utility customers in Pennsylvania, Ohio, Texas, Illinois, North Carolina, New Jersey, Indiana, Virginia, and Kentucky under the Aqua and Peoples brands. The company was formerly known as Aqua America, Inc. and changed its name to Essential Utilities, Inc. in February 2020. Essential Utilities, Inc. was founded in 1886 and is headquartered in Bryn Mawr, Pennsylvania.",NYQ,Mr. Christopher H. Franklin,United States,,false,false,true,https://www.essential.co,,USD,3303,Bryn Mawr,PA,610 527 8000,762 W. Lancaster Avenue,3.44,2026-09-10T12:07:59+00:00,2026-09-09T16:48:54+00:00,Equity,0.08078,0.02959,0.5643,0.35409,0.21601,0.031,-0.026,2568695040,1349981056,-657633024,554870016,12855000,1.691735,15.134,7.954,8538151936,6857456000,19464845000,8634000,,0.777,0.525,121.656,0.7028,3.742,0.00221,0.82136,0.021
WYNN,"Wynn Resorts, Limited",90.230003,9290818560,2101900,1533222,91.400002,89.720001,91.910004,90.230003,-1.989998,-2.157881,92.220001,2026-09-10,,,0.991,102973891,21.63669,4.17,Consumer Cyclical,Resorts & Casinos,"Wynn Resorts, Limited designs, develops, and operates integrated resorts. It operates in four segments: Wynn Palace, Wynn Macau, Las Vegas Operations, and Encore Boston Harbor. The Wynn Palace segment operates casino space, private gaming salons, and sky casinos; a luxury hotel tower with suites and villas, as well as a health club, spa, salon, and pool; food and beverage outlets; retail space; meeting and convention space; and a performance lake, an immersive entertainment center, Western and Asian art displays, and a gondola ride. Its Wynn Macau segment operates casino space, private gaming salons, sky casinos, and a poker room; luxury hotel towers with health clubs, spas, a salon, and a pool; food and beverage outlets; retail space; meeting and convention space; a performance lake; and a rotunda show featuring Chinese zodiac-inspired ceilings. The Las Vegas Operations segment operates casino space, private gaming salons, a sky casino, a poker room, and a race and sports book; a luxury hotel tower with suites, villas, swimming pools, private cabanas, full-service spas and salons, and a wedding chapel; food and beverage outlets; meeting and convention space; retail space; a golf course; nightclubs; a beach club; and theaters. Its Encore Boston Harbor segment operates casino space, private and high-limit gaming areas, and a sports book; a luxury hotel tower with suites, a spa, and a salon; food and beverage outlets; a nightclub; retail space; meeting and convention space; a waterfront park; floral displays; and water shuttle services. Wynn Resorts, Limited was incorporated in 2002 and is based in Las Vegas, Nevada.",NMS,Mr. Craig Scott Billings,United States,,false,false,true,https://www.wynnresorts.com,,USD,28500,Las Vegas,NV,702 770 7555,3131 Las Vegas Boulevard South,1.08,2026-09-10T12:08:00+00:00,2026-09-09T16:48:55+00:00,Equity,,0.05728,0.683,0.16537,0.06055,0.069,1.061,7413425152,1808924032,476188864,448884992,91927000,-54.25436,10.427,2.544,12342463488,-275492000,13108117000,2100722944,,0.912,0.838,,0.2398,0.8199,0.27447,0.74012,0.0964
XPON,"Expion Energy, Inc.",5.5,5156763,42000,2547475,5.48,5.4,5.7,5.5,-0.05,-0.900904,5.55,2026-09-10,,,0.659,953191,,-7.5,Industrials,Electrical Equipment & Parts,"Expion Energy, Inc. designs, assembles, manufactures, and sells lithium iron phosphate (LiFePO4) batteries and supporting accessories in North America. The company offers 12V batteries, including Group 24, Group 27, GC2, and EX1 custom; and 48V batteries, such as GC2. It also provides accessories comprising battery monitors, DC-DC battery chargers, solar charge controller battery chargers, CANBus communication cables, 120W portable solar panels, industrial battery mounting kits, terminal blocks, bus bars, AURA Powercap 600W inverters, and e360 SmartTalk mobile app. In addition, the company offers e360 Home Energy Storage solutions, a wall mounted all-in-one inverter comprising 10kWh battery and an expandable server rack style battery cabinet system. It sells its products for recreational vehicles, marine, golf, home energy storage, industrial, residential, and off-the-grid applications. The company serves dealers, wholesalers, private label customers, and original equipment manufacturers. The company has a strategic partnership with Dealer Accessory Supply for the development of DASGen Hybrid Energy Storage System, an energy storage solution intended for use on construction and industrial job sites. Expion Energy, Inc. was formerly known as Expion360 Inc. and changed its name to Expion Energy, Inc. in August 2026. The company was founded in 2016 and is headquartered in Redmond, Oregon.",NCM,Mr. Paul  Shoun,United States,2022-04-01,false,false,true,https://expion360.com,,USD,22,Redmond,OR,541 797 6714,2025 SW Deerhound Avenue,,2026-09-10T12:08:02+00:00,2026-09-09T16:48:57+00:00,Equity,-1.96295,-0.95624,0.15442,-0.641,-0.82319,-0.321,,8208504,-11176417,-7422640,-6757138,1163654,8.098803,-0.403,0.548,701718,6535760,8071362,1540348,,5.547,2.272,14.566,0,,0.30338,0.06072,0.0216
XYL,Xylem Inc.,107.639999,24991262720,6867000,1908091,108.089996,106.690002,109.040001,107.639999,-1.169998,-1.075267,108.809998,2026-09-10,,,1,233486812,25.484526,4.2,Industrials,Specialty Industrial Machinery,"Xylem Inc., together with its subsidiaries, engages in the design, manufacture, and servicing of engineered products and solutions for utility, industrial, and residential and commercial building services settings worldwide. It operates through Water Infrastructure; Applied Water; Measurement and Control Solutions; and Water Solutions and Services segments. The company offers water, wastewater, and storm water pumps and controls and systems; filtration, disinfection, and biological treatment equipment under the Flygt, Ionpure, Leopold, Neptune Benson, Sanitare, Wallace & Tiernan, and Wedeco brands; and pumps, valves, heat exchangers, controls, and dispensing equipment used for water and focuses on the residential, commercial and industrial markets under the Rule, Bell & Gossett, Flojet, Goulds Water Technology, Jabsco, and Lowara brands. It also provides smart meters, network communication devices, data analytics, test instruments, controls, sensor devices, software and managed services, critical infrastructure services, cloud-based analytics, and remote monitoring and data management under the Ebro, Sensus, Sentec, Smith Blair, WTW, YSI, and Xylem Vue brands. In addition, the company offers preventative maintenance services, rapid response mobile services, digitally enabled/outsourced solutions, process and wastewater treatment systems, environmental remediation, odor and corrosion control, filtration, reverse osmosis, continuous deionization, and mobile dewatering equipment and rental services; and municipal services comprising odor and corrosion control services, as well as condition assessment and asset management, and pressure monitoring solutions under the Grindex, Mar Cor, and Godwin brands. Xylem Inc. was formerly known as ITT WCO, Inc. and changed its name to Xylem Inc. in July 2011. The company was incorporated in 2011 and is headquartered in Washington, District Of Columbia.",NYQ,Mr. Matthew Francis Pine,United States,,false,false,true,https://www.xylem.com,,USD,22000,Washington,DC,202-869-9150,301 Water Street SE,1.58,2026-09-10T12:08:03+00:00,2026-09-09T16:48:58+00:00,Equity,0.09183,0.05115,0.3924,0.16995,0.11155,0.015,0.195,9125999616,1978000000,1183750016,1018000000,53000000,2.271059,13.867,3.006,3055000064,11480000000,17634000000,1276000000,,1.613,1.161,28.642,0.3952,1.3239,0.00335,0.97851,0.0436
YANG,Direxion Daily FTSE China Bear 3X Shares,30.83,,1268700,718885,30,29.940001,30.92,30.83,1.16,3.909673,29.67,2026-09-10,,,,,,,,,"The fund, under normal circumstances, invests at least 80% of the fund’s net assets (plus borrowing for investment purposes) in financial instruments, that, in combination, provide 3X daily inverse (opposite) or short exposure to the index or to ETFs that track the index, consistent with the fund’s investment objective. The index consists of the 50 largest and most liquid public Chinese companies currently trading on the Hong Kong Stock Exchange (""SEHK""). The fund is non-diversified.",PCX,,,,true,false,true,,,USD,,,,866-476-7523,,3.18,2026-09-10T12:08:05+00:00,2026-09-09T16:48:59+00:00,Equity,,,,,,,,,,,,,,,,,,102673928,,1.03,,,,,,,,
YINN,Direxion Daily FTSE China Bull 3X Shares,27.01,,1232800,1434314,27.879999,26.92,27.879999,27.01,-1.039999,-3.707661,28.049999,2026-09-10,,,,,8.85223,,,,"The fund, under normal circumstances, invests at least 80% of its net assets (plus borrowing for investment purposes) in financial instruments, such as swap agreements, securities of the index, and exchange-traded funds (""ETFs"") that track the index, that, in combination, provide 3X daily leveraged exposure to the index, consistent with the fund's investment objective. The index consists of the 50 largest and most liquid public Chinese companies currently trading on the Hong Kong Stock Exchange. The fund is non-diversified.",PCX,,,,true,false,true,,,USD,,,,866-476-7523,,1.3,2026-09-10T12:08:06+00:00,2026-09-09T16:49:01+00:00,Equity,,,,,,,,,,,,,,,,,,647541120,,1.34,,,,,,,,
ZIM,ZIM Integrated Shipping Services Ltd.,29.379999,3527008000,1962300,1480087,29.785,29.1,30.125,29.379999,-0.700001,-2.32713,30.08,2026-09-10,,,1.115,120519666,25.447826,1.15,Industrials,Marine Shipping,"ZIM Integrated Shipping Services Ltd., together with its subsidiaries, provides container shipping and related services in Israel and internationally. The company offers door-to-door and port-to-port transportation services for various types of customers, including end-users, consolidators, and freight forwarders. It also provides ZIMonitor, a reefer cargo tracking service, a device attached to the engine of the reefer, and allows customers to track and monitor, cargo, such as pharmaceuticals, food and delicate electronics. As of December 31, 2025, it operated a fleet of 128 vessels, such as 115 container vessels and 13 vehicle transport vessels, as well as a network of 56 weekly lines. ZIM Integrated Shipping Services Ltd. was incorporated in 1945 and is headquartered in Haifa, Israel.",NYQ,Dr. Chen  Lichtenstein Ph.D.,Israel,2021-01-28,false,false,true,https://www.zim.com,,USD,4714,Haifa,,972 4 865 2111,9 Andrei Sakharov Street,7.88,2026-09-10T12:08:07+00:00,2026-09-09T16:49:01+00:00,Equity,0.03583,0.02119,0.30961,0.08379,0.02152,0.089,1.784,6439099904,466800000,991524992,138600000,,0.922284,15.645,1.134,5312600064,4020900000,11008100000,1638000000,,1.243,1.146,136.761,1.087,,0.01491,0.49328,0.0265
ZM,"Zoom Communications, Inc.",96.18,28117766144,2385100,3454535,97.720001,95.709999,98.529999,96.18,-0.260002,-0.2696,96.440002,2026-09-10,,,1.04,263233141,8.947548,10.77,Technology,Software - Application,"Zoom Communications, Inc. provides an Artificial Intelligence-first open work platform for human connection in the Americas, the Asia Pacific, Europe, the Middle East, and Africa. The company offers Zoom Meetings that offers HD video, voice, chat, and content sharing through mobile devices, desktops, laptops, telephones, and conference room systems; Zoom Phone, a cloud phone system; and Zoom Team Chat enables users to share messages, images, files, and content in desktop, laptop, tablet, and mobile devices. It also provides Zoom Docs, a modular workspace; Zoom Whiteboard, an interactive canvas; Zoom Clips for capturing video and screen content; Zoom Rooms, a software-based conference room system; and Workspace Reservation. In addition, the company offers Zoom Contact Center, an omnichannel solution; Zoom Revenue Accelerator, a conversation intelligence software for Zoom Meetings and Zoom Phone; Zoom Events to manage, host, market, and report on all of virtual and hybrid events; Zoom Webinars Plus; and Zoom Webinars which supports interactive video presentations to large audiences. Further, it provides Workvivo, an all-in-one employee experience platform; Zoom Developer Platform and App Marketplace which integrates platform with other applications, platforms, websites, and services; and Zoom Apps. It serves individuals; and education, entertainment/media, enterprise infrastructure, finance, government, healthcare, manufacturing, non-profit/not for profit and social impact, retail/consumer products, and software/Internet industries. The company was formerly known as Zoom Video Communications, Inc. and changed its name to Zoom Communications, Inc. in November 2024. The company was incorporated in 2011 and is headquartered in San Jose, California.",NMS,Mr. Eric S. Yuan,United States,,false,false,true,https://www.zoom.com,,USD,7438,San Jose,CA,888 799 9666,55 Almaden Boulevard,,2026-09-10T12:08:08+00:00,2026-09-09T16:49:02+00:00,Equity,0.32143,0.06107,0.77663,0.24609,0.65192,0.049,3.423,4993050112,1333758976,1975528320,3255075072,760776000,2.836353,15.708,4.196,60272000,9808258000,11960416000,7249720832,,3.826,3.669,0.533,0,4.21,0.00228,0.79258,0.0276
SPY,State Street SPDR S&P 500 ETF Trust,762.400024,,32772300,48375396,764.080017,760.940002,764.469971,762.400024,-3.559998,-0.464776,765.960022,2026-09-10,,,,917782016,24.635813,,,,"The trust seeks to achieve its investment objective by holding a portfolio of the common stocks that are included in the index (the “Portfolio”), with the weight of each stock in the Portfolio substantially corresponding to the weight of such stock in the index.",PCX,,,,true,false,true,,,USD,,,,,,0.98,2026-09-10T12:08:09+00:00,2026-09-09T16:49:04+00:00,Equity,,,,,,,,,,,,,1.776455,,,,,811937038336,,0.0945,,,,,,,,
QQQ,Invesco QQQ Trust,716.309998,,26659200,39624279,716.400024,714.02002,719.700012,716.309998,-2.049988,-0.285371,718.359985,2026-09-10,,,,393100000,29.200687,,,,"To maintain the correspondence between the composition and weights of the securities in the trust (the ""securities"") and the stocks in the NASDAQ-100 Index®, the adviser adjusts the securities from time to time to conform to periodic changes in the identity and/or relative weights of index securities. The composition and weighting of the securities portion of a portfolio deposit are also adjusted to conform to changes in the index.",NGM,,,,true,false,true,,,USD,,,,,,0.42,2026-09-10T12:08:11+00:00,2026-09-09T16:49:05+00:00,Equity,,,,,,,,,,,,,2.002465,,,,,488981004288,,0.18,,,,,,,,
DIA,State Street SPDR Dow Jones Industrial Average ETF Trust,524.070007,,3782000,3936345,525.640015,523.25,525.73999,524.070007,-3.960022,-0.749962,528.030029,2026-09-10,,,,,21.296396,,,,"The Trust’s Portfolio consists of substantially all of the component common stocks that comprise the DJIA, which are weighted in accordance with the terms of the Trust Agreement.",PCX,,,,true,false,true,,,USD,,,,866.787.2257,,1.38,2026-09-10T12:08:12+00:00,2026-09-09T16:49:06+00:00,Equity,,,,,,,,,,,,,,,,,,45455503360,,0.16,,,,,,,,
IWM,iShares Russell 2000 ETF,290.640015,,19117400,21783637,293.459991,290.309998,294.160004,290.640015,-4.029999,-1.367631,294.670013,2026-09-10,,,,281049984,17.14243,,,,"The underlying index is a float-adjusted capitalization-weighted index of equity securities issued by the approximately 1,933 smallest issuers in the Russell 3000 Index. The fund may use derivatives to gain or reduce exposure to the components of the underlying index or exposure to one or more market risk factors associated with such components.",PCX,,,,true,false,true,,,USD,,,,415-670-2000,,0.9,2026-09-10T12:08:13+00:00,2026-09-09T16:49:07+00:00,Equity,,,,,,,,,,,,,1.331472,,,,,80460996608,,0.19,,,,,,,,
^VIX,CBOE Volatility Index,16.780001,,0,0,16.309999,16.290001,16.780001,16.780001,0.320002,1.944117,16.459999,2026-09-10,,,,,,,Indices,Volatility / Rates,,CXI,,,,false,false,true,,,USD,,,,,,,2026-09-10T12:08:14+00:00,2026-09-09T16:49:08+00:00,Index,,,,,,,,,,,,,,,,,,,,,,,,,,,,
^VIX9D,CBOE S&P 500 9 Day Volatility I,15.59,,0,0,0,0,0,15.59,,,,2026-09-10,,,,,,,Indices,Volatility / Rates,,WCB,,,,false,false,true,,,USD,,,,,,,2026-09-10T12:08:15+00:00,2026-09-09T16:49:09+00:00,Index,,,,,,,,,,,,,,,,,,,,,,,,,,,,
^MOVE,Northern Trust iBoxx 5-Year Tar,76.739998,,0,0,76.139999,76.139999,76.739998,76.739998,0.599998,0.78802,76.139999,2026-09-10,,,,,,,Indices,Volatility / Rates,,NYS,,,,false,false,true,,,USD,,,,,,,2026-09-10T12:08:16+00:00,2026-09-09T16:49:10+00:00,Index,,,,,,,,,,,,,,,,,,,,,,,,,,,,
HYG,iShares iBoxx $ High Yield Corporate Bond ETF,78.980003,,31651700,31783803,79.089996,78.980003,79.110001,78.980003,-0.139999,-0.176946,79.120003,2026-09-10,,,,,,,,,"The underlying index is a rules-based index consisting of U.S. dollar-denominated, high yield corporate bonds for sale in the U.S. The fund will invest at least 80% of its assets in the component securities of the underlying index, and the fund will invest at least 90% of its assets in fixed income securities of the types included in the underlying index that the advisor believes will help the fund track the underlying index.",PCX,,,,true,false,true,,,USD,,,,415-670-2000,,5.88,2026-09-10T12:08:17+00:00,2026-09-09T16:49:11+00:00,Equity,,,,,,,,,,,,,,,,,,16186192896,,0.49,,,,,,,,
LQD,iShares iBoxx $ Investment Grade Corporate Bond ETF,105.309998,,34130300,28267198,105.419998,105.080002,105.529999,105.309998,-0.170006,-0.161173,105.480003,2026-09-10,,,,,,,,,"The fund will invest at least 80% of its assets in the component securities of the underlying index, and it will invest at least 90% of its assets in fixed income securities of the types included in the underlying index that the advisor believes will help the fund track the underlying index. The underlying index is designed to provide a broad representation of the U.S. dollar-denominated liquid investment-grade corporate bond market.",PCX,,,,true,false,true,,,USD,,,,415-670-2000,,4.67,2026-09-10T12:08:18+00:00,2026-09-09T16:49:12+00:00,Equity,,,,,,,,,,,,,,,,,,32042811392,,0.14,,,,,,,,
JNK,State Street SPDR Bloomberg High Yield Bond ETF,95.040001,,2097000,2639593,95.160004,95.019997,95.18,95.040001,-0.169998,-0.178551,95.209999,2026-09-10,,,,,,,,,"The fund generally invests substantially all, but at least 80%, of its total assets in the securities comprising the index and in securities that the Adviser determines have economic characteristics that are substantially identical to the economic characteristics of the securities that comprise the index. The index is designed to measure the performance of publicly issued U.S. dollar denominated high yield corporate bonds with above-average liquidity. -null-.",PCX,,,,true,false,true,,,USD,,,,,,6.61,2026-09-10T12:08:19+00:00,2026-09-09T16:49:13+00:00,Equity,,,,,,,,,,,,,,,,,,6970858496,,0.4,,,,,,,,
EMB,iShares J.P. Morgan USD Emerging Markets Bond ETF,94.169998,,7390300,5731512,94.269997,93.970001,94.360001,94.169998,-0.190002,-0.201359,94.360001,2026-09-10,,,,,,,,,"The fund will invest at least 80% of its assets in the component securities of the underlying index and will invest at least 90% of its assets in fixed income securities of the types included in the underlying index. The index is a broad, diverse U.S. dollar-denominated emerging markets debt benchmark that tracks the total return of actively traded external debt instruments in emerging market countries.",NGM,,,,true,false,true,,,USD,,,,415-670-2000,,5.14,2026-09-10T12:08:20+00:00,2026-09-09T16:49:14+00:00,Equity,,,,,,,,,,,,,,,,,,14916531200,,0.39,,,,,,,,
XLK,State Street Technology Select Sector SPDR ETF,187.869995,,5990000,9181774,187.529999,187.149994,188.830002,187.869995,0,0,187.869995,2026-09-10,,,,,33.2992,,,,"In seeking to track the performance of the index, the fund employs a replication strategy, which means that the fund typically invests in substantially all of the securities represented in the index in approximately the same proportions as the index. It generally invests substantially all, but at least 95%, of its total assets in the securities comprising the index. The fund is non-diversified.",PCX,,,,true,false,true,,,USD,,,,,,0.43,2026-09-10T12:08:21+00:00,2026-09-09T16:49:16+00:00,Equity,,,,,,,,,,,,,,,,,,121437732864,,0.08,,,,,,,,
XLF,State Street Financial Select Sector SPDR ETF,57.060001,,27500100,32275782,57.130001,56.73,57.330002,57.060001,-0.239998,-0.418844,57.299999,2026-09-10,,,,883444992,16.216457,,,,"The fund generally invests substantially all, but at least 95%, of its total assets in the securities comprising the index. The index includes companies that have been identified as Financial companies by the Global Industry Classification Standard, including securities of companies from the following industries: financial services; insurance; banks; capital markets; mortgage real estate investment trusts; and consumer finance. The fund is non-diversified.",PCX,,,,true,false,true,,,USD,,,,,,1.4,2026-09-10T12:08:23+00:00,2026-09-09T16:49:17+00:00,Equity,,,,,,,,,,,,,1.681215,,,,,54592368640,,0.08,,,,,,,,
XLV,State Street Health Care Select Sector SPDR ETF,166.580002,,8018100,9513419,167.309998,166.389999,167.410004,166.580002,-0.550003,-0.329087,167.130005,2026-09-10,,,,,29.74653,,,,"In seeking to track the performance of the index, the fund employs a replication strategy. It generally invests substantially all, but at least 95%, of its total assets in the securities comprising the index. The index includes companies from the following industries: pharmaceuticals; health care equipment & supplies; health care providers & services; biotechnology; life sciences tools & services; and health care technology. The fund is non-diversified.",PCX,,,,true,false,true,,,USD,,,,,,1.49,2026-09-10T12:08:24+00:00,2026-09-09T16:49:18+00:00,Equity,,,,,,,,,,,,,,,,,,43909783552,,0.08,,,,,,,,
XLE,State Street Energy Select Sector SPDR ETF,65.309998,,25381700,29688900,65.559998,65.010002,65.919998,65.309998,0.540001,0.833721,64.769997,2026-09-10,,,,186424000,18.063486,,,,"In seeking to track the performance of the index, the fund employs a replication strategy. It generally invests substantially all, but at least 95%, of its total assets in the securities comprising the index. The index includes companies that have been identified as Energy companies by the GICS®, including securities of companies from the following industries: oil, gas and consumable fuels; and energy equipment and services. It is non-diversified.",PCX,,,,true,false,true,,,USD,,,,,,2.37,2026-09-10T12:08:25+00:00,2026-09-09T16:49:19+00:00,Equity,,,,,,,,,,,,,1.249448,,,,,41438105600,,0.08,,,,,,,,
XLI,State Street Industrial Select Sector SPDR ETF,171.789993,,6411800,7041706,173.529999,171.710007,174.160004,171.789993,-2.630005,-1.507857,174.419998,2026-09-10,,,,136626000,27.98035,,,,"Under normal market conditions, the fund generally invests substantially all, but at least 95%, of its total assets in the securities comprising the index. The index includes companies that have been identified as Industrial companies by the Global Industry Classification Standard, including securities of companies from the following industries: aerospace and defense; industrial conglomerates; marine transportation. It is non-diversified.",PCX,,,,true,false,true,,,USD,,,,,,1.18,2026-09-10T12:08:26+00:00,2026-09-09T16:49:20+00:00,Equity,,,,,,,,,,,,,1.751743,,,,,31947403264,,0.08,,,,,,,,
XLP,State Street Consumer Staples Select Sector SPDR ETF,83.050003,,12245300,10776624,83.510002,82.849998,83.519997,83.050003,-0.969994,-1.154479,84.019997,2026-09-10,,,,210172000,24.552551,,,,"In seeking to track the performance of the index, the fund employs a replication strategy. It generally invests substantially all, but at least 95%, of its total assets in the securities comprising the index. The index includes companies that have been identified as Consumer Staples companies by the GICS®. It is non-diversified.",PCX,,,,true,false,true,,,USD,,,,,,2.59,2026-09-10T12:08:27+00:00,2026-09-09T16:49:21+00:00,Equity,,,,,,,,,,,,,1.217419,,,,,14524716032,,0.08,,,,,,,,
XLY,State Street Consumer Discretionary Select Sector SPDR ETF,112.459999,,7683800,7200425,112.959999,112.269997,113.269997,112.459999,-1.529999,-1.342222,113.989998,2026-09-10,,,,,24.59924,,,,"The Advisor employs a replication strategy. The fund generally invests substantially all, but at least 95%, of its total assets in the securities comprising the index. The index includes companies that have been identified as Consumer Discretionary companies by the Global Industry Classification Standard (GICS®). It is non-diversified.",PCX,,,,true,false,true,,,USD,,,,,,0.77,2026-09-10T12:08:28+00:00,2026-09-09T16:49:22+00:00,Equity,,,,,,,,,,,,,,,,,,22749814784,,0.08,,,,,,,,
XLU,State Street Utilities Select Sector SPDR ETF,42.939999,,16901700,20051017,43.400002,42.830002,43.529999,42.939999,-0.510002,-1.173768,43.450001,2026-09-10,,,,163274000,19.296442,,,,"In seeking to track the performance of the index, the fund employs a replication strategy. It generally invests substantially all, but at least 95%, of its total assets in the securities comprising the index. The index includes securities of companies from the following industries: electric utilities; water utilities; multi-utilities; independent power and renewable electricity producers; and gas utilities. The fund is non-diversified.",PCX,,,,true,false,true,,,USD,,,,,,2.83,2026-09-10T12:08:29+00:00,2026-09-09T16:49:23+00:00,Equity,,,,,,,,,,,,,0.669714,,,,,21836873728,,0.08,,,,,,,,
XLB,State Street Materials Select Sector SPDR ETF,51.389999,,13120900,11357787,52.02,51.380001,52.150002,51.389999,-0.549999,-1.058913,51.939999,2026-09-10,,,,71923696,24.123823,,,,"In seeking to track the performance of the index, the fund employs a replication strategy. It generally invests substantially all, but at least 95%, of its total assets in the securities comprising the index. The index includes securities of companies from the following industries: chemicals; metals and mining; paper and forest products; containers and packaging; and construction materials. The fund is non-diversified.",PCX,,,,true,false,true,,,USD,,,,,,1.61,2026-09-10T12:08:30+00:00,2026-09-09T16:49:24+00:00,Equity,,,,,,,,,,,,,0.653424,,,,,8752943104,,0.08,,,,,,,,
XLRE,State Street Real Estate Select Sector SPDR ETF,43.41,,5897400,5190830,43.75,43.375,43.91,43.41,-0.490002,-1.116177,43.900002,2026-09-10,,,,,30.941338,,,,"Under normal market conditions, the fund generally invests substantially all, but at least 95%, of its total assets in the securities comprising the index. The index includes companies that have been identified as Real Estate companies by the Global Industry Classification Standard (GICS®). The fund is non-diversified.",PCX,,,,true,false,true,,,USD,,,,,,3.19,2026-09-10T12:08:31+00:00,2026-09-09T16:49:25+00:00,Equity,,,,,,,,,,,,,,,,,,8312176128,,0.08,,,,,,,,
XLC,State Street Communication Services Select Sector SPDR ETF,110.830002,,4817200,5968020,111.919998,110.529999,111.93,110.830002,-0.689995,-0.618718,111.519997,2026-09-10,,,,,15.277494,,,,"Normally, the fund generally invests substantially all, but at least 95%, of its total assets in the securities comprising the index. The index includes companies that have been identified as Communication Services companies by the GICS®, including securities of companies from the following industries: diversified telecommunication services; wireless telecommunication services; media; entertainment; and interactive media & services. The fund is non-diversified.",PCX,,,,true,false,true,,,USD,,,,,,1.28,2026-09-10T12:08:32+00:00,2026-09-09T16:49:26+00:00,Equity,,,,,,,,,,,,,,,,,,22430177280,,0.08,,,,,,,,
ES=F,E-Mini S&P 500 Sep 26,7636.25,,141948,1356162,7646.5,7633,7666.25,7636.25,-7.5,-0.098119,7643.75,2026-09-10,,,,,,,Commodities & Futures,Equity Index Future,,CME,,,,false,false,true,,,USD,,,,,,,2026-09-10T12:08:33+00:00,2026-09-09T16:49:27+00:00,Future,,,,,,,,,,,,,,,,,,,,,,,,,,,,
NQ=F,Nasdaq 100 Sep 26,29285.75,,86199,523680,29458.5,29266,29508.25,29285.75,-163,-0.553504,29448.75,2026-09-10,,,,,,,Commodities & Futures,Equity Index Future,,CME,,,,false,false,true,,,USD,,,,,,,2026-09-10T12:08:34+00:00,2026-09-09T16:49:28+00:00,Future,,,,,,,,,,,,,,,,,,,,,,,,,,,,
YM=F,Mini Dow Jones Indus.-$5 Sep 26,52478,,10218,79318,52473,52456,52676,52478,53,0.101097,52425,2026-09-10,,,,,,,Commodities & Futures,Equity Index Future,,CBT,,,,false,false,true,,,USD,,,,,,,2026-09-10T12:08:35+00:00,2026-09-09T16:49:29+00:00,Future,,,,,,,,,,,,,,,,,,,,,,,,,,,,
RTY=F,E-mini Russell 2000 Index Futur,2920,,13818,159693,2923.100098,2918.800049,2933.800049,2920,-3,-0.102634,2923,2026-09-10,,,,,,,Commodities & Futures,Equity Index Future,,CME,,,,false,false,true,,,USD,,,,,,,2026-09-10T12:08:36+00:00,2026-09-09T16:49:30+00:00,Future,,,,,,,,,,,,,,,,,,,,,,,,,,,,
CL=F,Crude Oil Oct 26,98.239998,,93113,239761,96.879997,95.370003,98.260002,98.239998,2.189995,2.280057,96.050003,2026-09-10,,,,,,,Commodities & Futures,Energy,,NYM,,,,false,false,true,,,USD,,,,,,,2026-09-10T12:08:38+00:00,2026-09-09T16:49:31+00:00,Future,,,,,,,,,,,,,,,,,,,,,,,,,,,,
BZ=F,Brent Crude Oil Last Day Financial Futures,103.129997,,17430,35200,101.800003,100.190002,103.239998,103.129997,1.919998,1.897044,101.209999,2026-09-10,,,,,,,Commodities & Futures,Energy,,NYM,,,,false,false,true,,,USD,,,,,,,2026-09-10T12:08:39+00:00,2026-09-09T16:49:32+00:00,Future,,,,,,,,,,,,,,,,,,,,,,,,,,,,
NG=F,Natural Gas Oct 26,2.805,,25022,135172,2.809,2.778,2.815,2.805,-0.017,-0.602408,2.822,2026-09-10,,,,,,,Commodities & Futures,Energy,,NYM,,,,false,false,true,,,USD,,,,,,,2026-09-10T12:08:40+00:00,2026-09-09T16:49:33+00:00,Future,,,,,,,,,,,,,,,,,,,,,,,,,,,,
RB=F,RBOB Gasoline Oct 26,3.0988,,9833,43283,3.064,3.0316,3.1011,3.0988,-0.1118,-3.482214,3.2106,2026-09-10,,,,,,,Commodities & Futures,Energy,,NYM,,,,false,false,true,,,USD,,,,,,,2026-09-10T12:08:41+00:00,2026-09-09T16:49:34+00:00,Future,,,,,,,,,,,,,,,,,,,,,,,,,,,,
HO=F,Heating Oil Oct 26,4.6506,,7682,35132,4.7964,4.5364,4.6527,4.6506,-0.1504,-3.132684,4.801,2026-09-10,,,,,,,Commodities & Futures,Energy,,NYM,,,,false,false,true,,,USD,,,,,,,2026-09-10T12:08:42+00:00,2026-09-09T16:49:35+00:00,Future,,,,,,,,,,,,,,,,,,,,,,,,,,,,
GC=F,Gold Dec 26,4418,,70587,2411,4448,4415.100098,4479.899902,4418,2,0.04529,4416,2026-09-10,,,,,,,Commodities & Futures,Metals,,CMX,,,,false,false,true,,,USD,,,,,,,2026-09-10T12:08:43+00:00,2026-09-09T16:49:36+00:00,Future,,,,,,,,,,,,,,,,,,,,,,,,,,,,
SI=F,Silver Dec 26,66.184998,,20257,1085,67.945,66.084999,68.584999,66.184998,-1.757004,-2.586035,67.942001,2026-09-10,,,,,,,Commodities & Futures,Metals,,CMX,,,,false,false,true,,,USD,,,,,,,2026-09-10T12:08:44+00:00,2026-09-09T16:49:37+00:00,Future,,,,,,,,,,,,,,,,,,,,,,,,,,,,
HG=F,Copper Dec 26,6.5785,,45239,1864,6.859,6.5415,6.8915,6.5785,-0.225,-3.307127,6.8035,2026-09-10,,,,,,,Commodities & Futures,Metals,,CMX,,,,false,false,true,,,USD,,,,,,,2026-09-10T12:08:45+00:00,2026-09-09T16:49:37+00:00,Future,,,,,,,,,,,,,,,,,,,,,,,,,,,,
PL=F,Platinum Oct 26,1834.400024,,9649,147,1902.800049,1834.199951,1913.199951,1834.400024,-80,-4.178855,1914.400024,2026-09-10,,,,,,,Commodities & Futures,Metals,,NYM,,,,false,false,true,,,USD,,,,,,,2026-09-10T12:08:46+00:00,2026-09-09T16:49:38+00:00,Future,,,,,,,,,,,,,,,,,,,,,,,,,,,,
PA=F,Palladium Dec 26,1327.5,,1596,51,1370,1327,1375.5,1327.5,-39.800049,-2.91085,1367.300049,2026-09-10,,,,,,,Commodities & Futures,Metals,,NYM,,,,false,false,true,,,USD,,,,,,,2026-09-10T12:08:47+00:00,2026-09-09T16:49:39+00:00,Future,,,,,,,,,,,,,,,,,,,,,,,,,,,,
ZC=F,"Corn Futures,Dec-2026",531.75,,25237,122861,527.5,526.75,532.25,531.75,24,4.726736,507.75,2026-09-10,,,,,,,Commodities & Futures,Grains,,CBT,,,,false,false,true,,,USX,,,,,,,2026-09-10T12:08:48+00:00,2026-09-09T16:49:40+00:00,Future,,,,,,,,,,,,,,,,,,,,,,,,,,,,
ZS=F,"Soybean Futures,Nov-2026",1318,,19435,33017,1309.5,1305,1318.5,1318,22.75,1.756418,1295.25,2026-09-10,,,,,,,Commodities & Futures,Grains,,CBT,,,,false,false,true,,,USX,,,,,,,2026-09-10T12:08:49+00:00,2026-09-09T16:49:41+00:00,Future,,,,,,,,,,,,,,,,,,,,,,,,,,,,
ZW=F,"Chicago SRW Wheat Futures,Dec-2",732,,13122,55063,729,723.25,733.5,732,20.75,2.917399,711.25,2026-09-10,,,,,,,Commodities & Futures,Grains,,CBT,,,,false,false,true,,,USX,,,,,,,2026-09-10T12:08:50+00:00,2026-09-09T16:49:42+00:00,Future,,,,,,,,,,,,,,,,,,,,,,,,,,,,
KC=F,Coffee Dec 26,283.799988,,6335,6308,290,282.600006,290,283.799988,-35.400024,-11.090233,319.200012,2026-09-10,,,,,,,Commodities & Futures,Softs,,NYB,,,,false,false,true,,,USX,,,,,,,2026-09-10T12:08:51+00:00,2026-09-09T16:49:43+00:00,Future,,,,,,,,,,,,,,,,,,,,,,,,,,,,
SB=F,Sugar #11 Oct 26,19.6,,42093,80764,18.370001,19.299999,19.700001,19.6,1.200001,6.521743,18.4,2026-09-10,,,,,,,Commodities & Futures,Softs,,NYB,,,,false,false,true,,,USX,,,,,,,2026-09-10T12:08:52+00:00,2026-09-09T16:49:44+00:00,Future,,,,,,,,,,,,,,,,,,,,,,,,,,,,
CC=F,Cocoa Dec 26,5907,,3315,8118,5919,5786,5984,5907,-17,-0.286968,5924,2026-09-10,,,,,,,Commodities & Futures,Softs,,NYB,,,,false,false,true,,,USD,,,,,,,2026-09-10T12:08:53+00:00,2026-09-09T16:49:46+00:00,Future,,,,,,,,,,,,,,,,,,,,,,,,,,,,
CT=F,Cotton,88.269997,,6246,,63.150002,86.330002,87.800003,88.269997,4.539993,5.422182,83.730003,2026-09-10,,,,,,,Commodities & Futures,Softs,,NYM,,,,false,false,true,,,USX,,,,,,,2026-09-10T12:08:54+00:00,2026-09-09T16:49:46+00:00,Future,,,,,,,,,,,,,,,,,,,,,,,,,,,,
ZB=F,"U.S. Treasury Bond Futures,Dec-",107.625,,112266,393819,108.09375,107.5625,108.28125,107.625,-1.0625,-0.977573,108.6875,2026-09-10,,,,,,,Commodities & Futures,Treasury Future,,CBT,,,,false,false,true,,,USD,,,,,,,2026-09-10T12:08:55+00:00,2026-09-09T16:49:47+00:00,Future,,,,,,,,,,,,,,,,,,,,,,,,,,,,
ZN=F,"10-Year T-Note Futures,Dec-2026",106.875,,497295,1570295,107.046875,106.84375,107.171875,106.875,-0.46875,-0.436681,107.34375,2026-09-10,,,,,,,Commodities & Futures,Treasury Future,,CBT,,,,false,false,true,,,USD,,,,,,,2026-09-10T12:08:56+00:00,2026-09-09T16:49:48+00:00,Future,,,,,,,,,,,,,,,,,,,,,,,,,,,,
ZF=F,"5-Year T-Note Futures,Dec-2026",105.148438,,275824,1027118,105.257812,105.140625,105.335938,105.148438,-0.289062,-0.274155,105.4375,2026-09-10,,,,,,,Commodities & Futures,Treasury Future,,CBT,,,,false,false,true,,,USD,,,,,,,2026-09-10T12:08:57+00:00,2026-09-09T16:49:49+00:00,Future,,,,,,,,,,,,,,,,,,,,,,,,,,,,
ZT=F,"2-Year T-Note Futures,Dec-2026",102.429688,,165488,733444,102.460938,102.425781,102.496094,102.429688,-0.21875,-0.213106,102.648438,2026-09-10,,,,,,,Commodities & Futures,Treasury Future,,CBT,,,,false,false,true,,,USD,,,,,,,2026-09-10T12:08:58+00:00,2026-09-09T16:49:50+00:00,Future,,,,,,,,,,,,,,,,,,,,,,,,,,,,
BTC-USD,Bitcoin USD,77700.78125,1582050181120,28200282112,27038923679,78291.640625,77709.242188,78497.546875,77700.78125,-558.742188,-0.713961,78259.523438,2026-09-10,,,,,,,Cryptocurrency,Bitcoin,,CCC,,,,false,false,true,https://bitcoin.org/,,USD,,,,,,,2026-09-10T12:08:59+00:00,2026-09-09T16:49:51+00:00,Crypto,,,,,,,,,,,,,,,,,,,,,,,,,,,,
ETH-USD,Ethereum USD,2456.909912,304876978176,13641275392,11356070008,2467.818604,2455.49585,2482.849365,2456.909912,-10.003906,-0.405523,2466.913818,2026-09-10,,,,,,,Cryptocurrency,Ethereum,,CCC,,,,false,false,true,https://www.ethereum.org/,,USD,,,,,,,2026-09-10T12:09:00+00:00,2026-09-09T16:49:52+00:00,Crypto,,,,,,,,,,,,,,,,,,,,,,,,,,,,
SOL-USD,Solana USD,100.940002,60597010432,2919328000,2498492914,101.620247,100.628799,102.09922,100.940002,-0.66806,-0.657487,101.608063,2026-09-10,,,,,,,Cryptocurrency,Solana,,CCC,,,,false,false,true,https://solana.com,,USD,,,,,,,2026-09-10T12:09:01+00:00,2026-09-09T16:49:53+00:00,Crypto,,,,,,,,,,,,,,,,,,,,,,,,,,,,
EURUSD=X,EUR/USD,1.16198,,0,0,1.163873,1.16171,1.164415,1.16198,-0.000757,-0.065072,1.162737,2026-09-10,,,,,,,Currencies,Foreign Exchange,,CCY,,,,false,false,true,,,USD,,,,,,,2026-09-10T12:09:02+00:00,2026-09-09T16:49:54+00:00,FX,,,,,,,,,,,,,,,,,,,,,,,,,,,,
GBPUSD=X,GBP/USD,1.352265,,0,0,1.35483,1.352228,1.356024,1.352265,-0.002198,-0.162259,1.354463,2026-09-10,,,,,,,Currencies,Foreign Exchange,,CCY,,,,false,false,true,,,USD,,,,,,,2026-09-10T12:09:03+00:00,2026-09-09T16:49:54+00:00,FX,,,,,,,,,,,,,,,,,,,,,,,,,,,,
USDJPY=X,USD/JPY,154.167007,,0,0,153.509995,153.274994,154.223999,154.167007,0.689011,0.448931,153.477997,2026-09-10,,,,,,,Currencies,Foreign Exchange,,CCY,,,,false,false,true,,,JPY,,,,,,,2026-09-10T12:09:05+00:00,2026-09-09T16:49:56+00:00,FX,,,,,,,,,,,,,,,,,,,,,,,,,,,,
AUDUSD=X,AUD/USD,0.718856,,0,0,0.721761,0.718856,0.722491,0.718856,-0.003184,-0.441025,0.72204,2026-09-10,,,,,,,Currencies,Foreign Exchange,,CCY,,,,false,false,true,,,USD,,,,,,,2026-09-10T12:09:06+00:00,2026-09-09T16:49:57+00:00,FX,,,,,,,,,,,,,,,,,,,,,,,,,,,,
USDCAD=X,USD/CAD,1.38142,,0,0,1.37982,1.3793,1.3824,1.38142,0.00367,0.266375,1.37775,2026-09-10,,,,,,,Currencies,Foreign Exchange,,CCY,,,,false,false,true,,,CAD,,,,,,,2026-09-10T12:09:07+00:00,2026-09-09T16:49:57+00:00,FX,,,,,,,,,,,,,,,,,,,,,,,,,,,,
USDCHF=X,USD/CHF,0.81191,,0,0,0.80927,0.80838,0.81201,0.81191,0.0028,0.346058,0.80911,2026-09-10,,,,,,,Currencies,Foreign Exchange,,CCY,,,,false,false,true,,,CHF,,,,,,,2026-09-10T12:09:08+00:00,2026-09-09T16:49:58+00:00,FX,,,,,,,,,,,,,,,,,,,,,,,,,,,,
NZDUSD=X,NZD/USD,0.582819,,0,0,0.584146,0.582819,0.585823,0.582819,-0.003053,-0.521045,0.585871,2026-09-10,,,,,,,Currencies,Foreign Exchange,,CCY,,,,false,false,true,,,USD,,,,,,,2026-09-10T12:09:09+00:00,2026-09-09T16:49:59+00:00,FX,,,,,,,,,,,,,,,,,,,,,,,,,,,,
USDCNY=X,USD/CNY,6.6972,,0,0,6.6977,6.6948,6.7086,6.6972,-0.0133,-0.198196,6.7105,2026-09-10,,,,,,,Currencies,Foreign Exchange,,CCY,,,,false,false,true,,,CNY,,,,,,,2026-09-10T12:09:10+00:00,2026-09-09T16:50:00+00:00,FX,,,,,,,,,,,,,,,,,,,,,,,,,,,,
USDINR=X,USD/INR,95.43,,0,0,95.095001,95.089996,95.467499,95.43,0.607002,0.640142,94.822998,2026-09-10,,,,,,,Currencies,Foreign Exchange,,CCY,,,,false,false,true,,,INR,,,,,,,2026-09-10T12:09:11+00:00,2026-09-09T16:50:01+00:00,FX,,,,,,,,,,,,,,,,,,,,,,,,,,,,
USDMXN=X,USD/MXN,16.9347,,0,0,16.88283,16.8785,16.945,16.9347,0.0249,0.147254,16.9098,2026-09-10,,,,,,,Currencies,Foreign Exchange,,CCY,,,,false,false,true,,,MXN,,,,,,,2026-09-10T12:09:12+00:00,2026-09-09T16:50:03+00:00,FX,,,,,,,,,,,,,,,,,,,,,,,,,,,,
^GSPTSE,S&P/TSX Composite index,35906.601562,,290603700,258066061,36174.601562,35892.898438,36174.601562,35906.601562,-216.5,-0.599339,36123.101562,2026-09-10,,,,,,,Indices,Stock Index,,TSI,,,,false,false,true,,,CAD,,,,,,,2026-09-10T12:09:13+00:00,2026-09-09T16:50:05+00:00,Index,,,,,,,,,,,,,,,,,,,,,,,,,,,,
^MERV,MERVAL,3110164,,0,0,3075982,3047719,3113414,3110164,34182,1.111255,3075982,2026-09-10,,,,,,,Indices,Stock Index,,BUE,,,,false,false,true,,,,,,,,,,2026-09-10T12:09:14+00:00,2026-09-09T16:50:06+00:00,Index,,,,,,,,,,,,,,,,,,,,,,,,,,,,
^BVSP,IBOVESPA,185629,,8314900,7969779,187362,184810,187362,185629,-1738,-0.927591,187367,2026-09-10,,,,,,,Indices,Stock Index,,SAO,,,,false,false,true,,,BRL,,,,,,,2026-09-10T12:09:15+00:00,2026-09-09T16:50:06+00:00,Index,,,,,,,,,,,,,,,,,,,,,,,,,,,,
^MXX,IPC MEXICO,64814.96875,,169796500,144975827,64905.289062,64682.050781,65263.320312,64814.96875,-250.589844,-0.385134,65065.558594,2026-09-10,,,,,,,Indices,Stock Index,,MEX,,,,false,false,true,,,MXN,,,,,,,2026-09-10T12:09:16+00:00,2026-09-09T16:50:07+00:00,Index,,,,,,,,,,,,,,,,,,,,,,,,,,,,
^FTSE,FTSE 100,10636.179688,,0,796650531,10669.900391,10619.360352,10688.040039,10636.179688,-33.919922,-0.317897,10670.099609,2026-09-10,,,,,,,Indices,Stock Index,,FGI,,,,false,false,true,,,GBP,,,,,,,2026-09-10T12:09:17+00:00,2026-09-09T16:50:08+00:00,Index,,,,,,,,,,,,,,,,,,,,,,,,,,,,
^GDAXI,DAX P,25553.259766,,0,55782650,25555.660156,25497.269531,25612.089844,25553.259766,-23.189453,-0.090667,25576.449219,2026-09-10,,,,,,,Indices,Stock Index,,GER,,,,false,false,true,,,EUR,,,,,,,2026-09-10T12:09:18+00:00,2026-09-09T16:50:09+00:00,Index,,,,,,,,,,,,,,,,,,,,,,,,,,,,
^FCHI,CAC 40,8165.379883,,0,58584076,8169.649902,8157.399902,8190.080078,8165.379883,8.709961,0.106783,8156.669922,2026-09-10,,,,,,,Indices,Stock Index,,PAR,,,,false,false,true,,,EUR,,,,,,,2026-09-10T12:09:19+00:00,2026-09-09T16:50:10+00:00,Index,,,,,,,,,,,,,,,,,,,,,,,,,,,,
^STOXX50E,EURO STOXX 50 I,6300.450195,,0,19395072,6315.870117,6293.799805,6329.47998,6300.450195,-11.109863,-0.176024,6311.560059,2026-09-10,,,,,,,Indices,Stock Index,,ZRH,,,,false,false,true,,,,,,,,,,2026-09-10T12:09:20+00:00,2026-09-09T16:50:11+00:00,Index,,,,,,,,,,,,,,,,,,,,,,,,,,,,
^N225,Nikkei 225,65270.949219,,0,165501587,64768.53125,64186.679688,65270.949219,65270.949219,128.167969,0.196749,65142.78125,2026-09-10,,,,,,,Indices,Stock Index,,OSA,,,,false,false,true,,,JPY,,,,,,,2026-09-10T12:09:21+00:00,2026-09-09T16:50:12+00:00,Index,,,,,,,,,,,,,,,,,,,,,,,,,,,,
^HSI,HANG SENG INDEX,24954.470703,,0,3289207936,24985.179688,24889.640625,25021.810547,24954.470703,-320.490234,-1.268015,25274.960938,2026-09-10,,,,,,,Indices,Stock Index,,HKG,,,,false,false,true,,,HKD,,,,,,,2026-09-10T12:09:22+00:00,2026-09-09T16:50:13+00:00,Index,,,,,,,,,,,,,,,,,,,,,,,,,,,,
^AXJO,S&P/ASX 200 [XJO],8819.400391,,0,755196,8911.400391,8742.599609,8911.400391,8819.400391,-92,-1.032385,8911.400391,2026-09-10,,,,,,,Indices,Stock Index,,ASX,,,,false,false,true,,,AUD,,,,,,,2026-09-10T12:09:23+00:00,2026-09-09T16:50:14+00:00,Index,,,,,,,,,,,,,,,,,,,,,,,,,,,,
^BSESN,S&P BSE SENSEX,74902.59375,,0,17301,74742.539062,74598.46875,74910.960938,74902.59375,138.367188,0.185071,74764.226562,2026-09-10,,,,,,,Indices,Stock Index,,BSE,,,,false,false,true,,,INR,,,,,,,2026-09-10T12:09:24+00:00,2026-09-09T16:50:15+00:00,Index,,,,,,,,,,,,,,,,,,,,,,,,,,,,
^KS11,KOSPI Composite Index,7033.919922,,422598,391817,7038.850098,6898.450195,7072.790039,7033.919922,-17.720215,-0.251292,7051.640137,2026-09-10,,,,,,,Indices,Stock Index,,KSC,,,,false,false,true,,,KRW,,,,,,,2026-09-10T12:09:25+00:00,2026-09-09T16:50:16+00:00,Index,,,,,,,,,,,,,,,,,,,,,,,,,,,,
^TWII,TSEC CAPITALIZATION WEIGHTED ST,46940.488281,,0,5766374,47130.960938,46573.46875,47130.960938,46940.488281,-242.871094,-0.514739,47183.359375,2026-09-10,,,,,,,Indices,Stock Index,,TAI,,,,false,false,true,,,TWD,,,,,,,2026-09-10T12:09:26+00:00,2026-09-09T16:50:17+00:00,Index,,,,,,,,,,,,,,,,,,,,,,,,,,,,
UUP,Invesco DB US Dollar Index Bullish Fund,27.98,,1378100,1832006,27.92,27.92,27.99,27.98,-0.01,-0.035728,27.99,2026-09-10,,,,,,,,,"The fund invests in futures contracts in an attempt to track its index. The index is calculated to reflect the changes in market value over time, whether positive or negative, of long positions in DX Contracts.",PCX,,,,true,false,true,,,USD,,,,800-983-0903,,3.3,2026-09-10T12:09:27+00:00,2026-09-09T16:50:18+00:00,Equity,,,,,,,,,,,,,,,,,,298708736,,0.75,,,,,,,,
TLT,iShares 20+ Year Treasury Bond ETF,81.730003,,40660600,27787214,82.190002,81.360001,82.309998,81.730003,-0.469994,-0.571768,82.199997,2026-09-10,,,,109700000,,,,,"The underlying index consists of publicly-issued U.S. Treasury securities that have a remaining maturity greater than twenty years and have $300 million or more of outstanding face value, excluding amounts held by the Federal Reserve System (the “Fed”). The fund will invest at least 80% of its assets in the component securities of the underlying index, and the fund will invest at least 90% of its assets in U.S. Treasury securities that manager believes will help the fund track the underlying index.",NGM,,,,true,false,true,,,USD,,,,415-670-2000,,4.73,2026-09-10T12:09:28+00:00,2026-09-09T16:50:19+00:00,Equity,,,,,,,,,,,,,0.548248,,,,,47046328320,,0.15,,,,,,,,
IEF,iShares 7-10 Year Treasury Bond ETF,91.900002,,5440600,6779417,92.089996,91.779999,92.160004,91.900002,-0.260002,-0.28212,92.160004,2026-09-10,,,,,,,,,"The underlying index consists of publicly-issued U.S. Treasury securities that have a remaining maturity of greater than or equal to seven years and less than ten years and have $300 million or more of outstanding face value, excluding amounts held by the Federal Reserve System (the “Fed”). The fund will invest at least 80% of its assets in the component securities of the underlying index, and the fund will invest at least 90% of its assets in U.S. Treasury securities that BFA believes will help the fund track the underlying index.",NGM,,,,true,false,true,,,USD,,,,415-670-2000,,3.97,2026-09-10T12:09:30+00:00,2026-09-09T16:50:20+00:00,Equity,,,,,,,,,,,,,,,,,,41824055296,,0.15,,,,,,,,
SHY,iShares 1-3 Year Treasury Bond ETF,81.629997,,2610300,3550938,81.650002,81.620003,81.669998,81.629997,-0.030006,-0.036746,81.660004,2026-09-10,,,,,,,,,"The underlying index consists of publicly-issued U.S. Treasury securities that have a remaining maturity of greater than or equal to one year and less than three years and have $300 million or more of outstanding face value, excluding amounts held by the Federal Reserve System. The fund will invest at least 80% of its assets in the component securities of the underlying index, and the fund will invest at least 90% of its assets in U.S. Treasury securities that BFA believes will help the fund track the underlying index.",NGM,,,,true,false,true,,,USD,,,,415-670-2000,,3.63,2026-09-10T12:09:31+00:00,2026-09-09T16:50:21+00:00,Equity,,,,,,,,,,,,,,,,,,25913065472,,0.15,,,,,,,,
BND,Vanguard Total Bond Market Index Fund ETF Shares,71.730003,,9970700,7882706,71.849998,71.650002,71.900002,71.730003,-0.159996,-0.222557,71.889999,2026-09-10,,,,,,,,,"This index measures the performance of a wide spectrum of public, investment-grade, taxable, fixed income securities in the United States-including government, corporate, and international dollar-denominated bonds, as well as mortgage-backed and asset-backed securities-all with maturities of more than 1 year. All of the fund's investments will be selected through the sampling process, and at least 80% of its assets will be invested in bonds held in the index.",NGM,,,,true,false,true,,,USD,,,,800-523-1036,,4.04,2026-09-10T12:09:32+00:00,2026-09-09T16:50:22+00:00,Equity,,,,,,,,,,,,,,,,,,398834597888,,0.03,,,,,,,,
AGG,iShares Core U.S. Aggregate Bond ETF,96.68,,8217800,8183196,96.849998,96.599998,96.93,96.68,-0.220001,-0.227039,96.900002,2026-09-10,,,,,,,,,"The index measures the performance of the total U.S. investment-grade bond market. The fund will invest at least 80% of its assets in the component securities of the underlying index and TBAs that have economic characteristics that are substantially identical to the economic characteristics of the component securities of the underlying index, and the fund will invest at least 90% of its assets in fixed income securities of the types included in the underlying index that the advisor believes will help the fund track the underlying index.",PCX,,,,true,false,true,,,USD,,,,415-670-2000,,4.05,2026-09-10T12:09:33+00:00,2026-09-09T16:50:23+00:00,Equity,,,,,,,,,,,,,,,,,,138317873152,,0.03,,,,,,,,
GOVT,iShares U.S. Treasury Bond ETF,22.299999,,8841800,10049966,22.34,22.27,22.35,22.299999,-0.040001,-0.179055,22.34,2026-09-10,,,,,,,,,The fund will invest at least 80% of its assets in the component securities of the underlying index and will invest at least 90% of its assets in U.S. Treasury securities that BFA believes will help the fund track the underlying index. The underlying index includes publicly-issued U.S. Treasury securities that have a remaining maturity greater than one year and less than or equal to thirty years and have $300 million or more of outstanding face value.,BTS,,,,true,false,true,,,USD,,,,415-670-2000,,3.65,2026-09-10T12:09:34+00:00,2026-09-09T16:50:24+00:00,Equity,,,,,,,,,,,,,,,,,,41821908992,,0.05,,,,,,,,
TIP,iShares TIPS Bond ETF,106.800003,,2074700,1807011,107.029999,106.699997,107.07,106.800003,-0.25,-0.233536,107.050003,2026-09-10,,,,,,,,,"The index tracks the performance of inflation-protected public obligations of the U.S. Treasury, commonly known as “TIPS,” that have a remaining maturity of more than one year. The fund will invest at least 80% of its assets in the component securities of the index, and it will invest at least 90% of its assets in U.S. Treasury securities that BFA believes will help the fund track the index.",PCX,,,,true,false,true,,,USD,,,,415-670-2000,,4.98,2026-09-10T12:09:35+00:00,2026-09-09T16:50:25+00:00,Equity,,,,,,,,,,,,,,,,,,15010082816,,0.18,,,,,,,,
